"ID","Outcome"
1,"Your prediction"
2,"Your prediction"
3,"Your prediction"
4,"Your prediction"
5,"Your prediction"
6,"Your prediction"
7,"Your prediction"
8,"Your prediction"
9,"Your prediction"
10,"Your prediction"
11,"Your prediction"
12,"Your prediction"
13,"Your prediction"
14,"Your prediction"
15,"Your prediction"
16,"Your prediction"
17,"Your prediction"
18,"Your prediction"
19,"Your prediction"
20,"Your prediction"
21,"Your prediction"
22,"Your prediction"
23,"Your prediction"
24,"Your prediction"
25,"Your prediction"
26,"Your prediction"
27,"Your prediction"
28,"Your prediction"
29,"Your prediction"
30,"Your prediction"
31,"Your prediction"
32,"Your prediction"
33,"Your prediction"
34,"Your prediction"
35,"Your prediction"
36,"Your prediction"
37,"Your prediction"
38,"Your prediction"
39,"Your prediction"
40,"Your prediction"
41,"Your prediction"
42,"Your prediction"
43,"Your prediction"
44,"Your prediction"
45,"Your prediction"
46,"Your prediction"
47,"Your prediction"
48,"Your prediction"
49,"Your prediction"
50,"Your prediction"
51,"Your prediction"
52,"Your prediction"
53,"Your prediction"
54,"Your prediction"
55,"Your prediction"
56,"Your prediction"
57,"Your prediction"
58,"Your prediction"
59,"Your prediction"
60,"Your prediction"
61,"Your prediction"
62,"Your prediction"
63,"Your prediction"
64,"Your prediction"
65,"Your prediction"
66,"Your prediction"
67,"Your prediction"
68,"Your prediction"
69,"Your prediction"
70,"Your prediction"
71,"Your prediction"
72,"Your prediction"
73,"Your prediction"
74,"Your prediction"
75,"Your prediction"
76,"Your prediction"
77,"Your prediction"
78,"Your prediction"
79,"Your prediction"
80,"Your prediction"
81,"Your prediction"
82,"Your prediction"
83,"Your prediction"
84,"Your prediction"
85,"Your prediction"
86,"Your prediction"
87,"Your prediction"
88,"Your prediction"
89,"Your prediction"
90,"Your prediction"
91,"Your prediction"
92,"Your prediction"
93,"Your prediction"
94,"Your prediction"
95,"Your prediction"
96,"Your prediction"
97,"Your prediction"
98,"Your prediction"
99,"Your prediction"
100,"Your prediction"
101,"Your prediction"
102,"Your prediction"
103,"Your prediction"
104,"Your prediction"
105,"Your prediction"
106,"Your prediction"
107,"Your prediction"
108,"Your prediction"
109,"Your prediction"
110,"Your prediction"
111,"Your prediction"
112,"Your prediction"
113,"Your prediction"
114,"Your prediction"
115,"Your prediction"
116,"Your prediction"
117,"Your prediction"
118,"Your prediction"
119,"Your prediction"
120,"Your prediction"
121,"Your prediction"
122,"Your prediction"
123,"Your prediction"
124,"Your prediction"
125,"Your prediction"
126,"Your prediction"
127,"Your prediction"
128,"Your prediction"
129,"Your prediction"
130,"Your prediction"
131,"Your prediction"
132,"Your prediction"
133,"Your prediction"
134,"Your prediction"
135,"Your prediction"
136,"Your prediction"
137,"Your prediction"
138,"Your prediction"
139,"Your prediction"
140,"Your prediction"
141,"Your prediction"
142,"Your prediction"
143,"Your prediction"
144,"Your prediction"
145,"Your prediction"
146,"Your prediction"
147,"Your prediction"
148,"Your prediction"
149,"Your prediction"
150,"Your prediction"
151,"Your prediction"
152,"Your prediction"
153,"Your prediction"
154,"Your prediction"
155,"Your prediction"
156,"Your prediction"
157,"Your prediction"
158,"Your prediction"
159,"Your prediction"
160,"Your prediction"
161,"Your prediction"
162,"Your prediction"
163,"Your prediction"
164,"Your prediction"
165,"Your prediction"
166,"Your prediction"
167,"Your prediction"
168,"Your prediction"
169,"Your prediction"
170,"Your prediction"
171,"Your prediction"
172,"Your prediction"
173,"Your prediction"
174,"Your prediction"
175,"Your prediction"
176,"Your prediction"
177,"Your prediction"
178,"Your prediction"
179,"Your prediction"
180,"Your prediction"
181,"Your prediction"
182,"Your prediction"
183,"Your prediction"
184,"Your prediction"
185,"Your prediction"
186,"Your prediction"
187,"Your prediction"
188,"Your prediction"
189,"Your prediction"
190,"Your prediction"
191,"Your prediction"
192,"Your prediction"
193,"Your prediction"
194,"Your prediction"
195,"Your prediction"
196,"Your prediction"
197,"Your prediction"
198,"Your prediction"
199,"Your prediction"
200,"Your prediction"
201,"Your prediction"
202,"Your prediction"
203,"Your prediction"
204,"Your prediction"
205,"Your prediction"
206,"Your prediction"
207,"Your prediction"
208,"Your prediction"
209,"Your prediction"
210,"Your prediction"
211,"Your prediction"
212,"Your prediction"
213,"Your prediction"
214,"Your prediction"
215,"Your prediction"
216,"Your prediction"
217,"Your prediction"
218,"Your prediction"
219,"Your prediction"
220,"Your prediction"
221,"Your prediction"
222,"Your prediction"
223,"Your prediction"
224,"Your prediction"
225,"Your prediction"
226,"Your prediction"
227,"Your prediction"
228,"Your prediction"
229,"Your prediction"
230,"Your prediction"
231,"Your prediction"
232,"Your prediction"
233,"Your prediction"
234,"Your prediction"
235,"Your prediction"
236,"Your prediction"
237,"Your prediction"
238,"Your prediction"
239,"Your prediction"
240,"Your prediction"
241,"Your prediction"
242,"Your prediction"
243,"Your prediction"
244,"Your prediction"
245,"Your prediction"
246,"Your prediction"
247,"Your prediction"
248,"Your prediction"
249,"Your prediction"
250,"Your prediction"
251,"Your prediction"
252,"Your prediction"
253,"Your prediction"
254,"Your prediction"
255,"Your prediction"
256,"Your prediction"
257,"Your prediction"
258,"Your prediction"
259,"Your prediction"
260,"Your prediction"
261,"Your prediction"
262,"Your prediction"
263,"Your prediction"
264,"Your prediction"
265,"Your prediction"
266,"Your prediction"
267,"Your prediction"
268,"Your prediction"
269,"Your prediction"
270,"Your prediction"
271,"Your prediction"
272,"Your prediction"
273,"Your prediction"
274,"Your prediction"
275,"Your prediction"
276,"Your prediction"
277,"Your prediction"
278,"Your prediction"
279,"Your prediction"
280,"Your prediction"
281,"Your prediction"
282,"Your prediction"
283,"Your prediction"
284,"Your prediction"
285,"Your prediction"
286,"Your prediction"
287,"Your prediction"
288,"Your prediction"
289,"Your prediction"
290,"Your prediction"
291,"Your prediction"
292,"Your prediction"
293,"Your prediction"
294,"Your prediction"
295,"Your prediction"
296,"Your prediction"
297,"Your prediction"
298,"Your prediction"
299,"Your prediction"
300,"Your prediction"
301,"Your prediction"
302,"Your prediction"
303,"Your prediction"
304,"Your prediction"
305,"Your prediction"
306,"Your prediction"
307,"Your prediction"
308,"Your prediction"
309,"Your prediction"
310,"Your prediction"
311,"Your prediction"
312,"Your prediction"
313,"Your prediction"
314,"Your prediction"
315,"Your prediction"
316,"Your prediction"
317,"Your prediction"
318,"Your prediction"
319,"Your prediction"
320,"Your prediction"
321,"Your prediction"
322,"Your prediction"
323,"Your prediction"
324,"Your prediction"
325,"Your prediction"
326,"Your prediction"
327,"Your prediction"
328,"Your prediction"
329,"Your prediction"
330,"Your prediction"
331,"Your prediction"
332,"Your prediction"
333,"Your prediction"
334,"Your prediction"
335,"Your prediction"
336,"Your prediction"
337,"Your prediction"
338,"Your prediction"
339,"Your prediction"
340,"Your prediction"
341,"Your prediction"
342,"Your prediction"
343,"Your prediction"
344,"Your prediction"
345,"Your prediction"
346,"Your prediction"
347,"Your prediction"
348,"Your prediction"
349,"Your prediction"
350,"Your prediction"
351,"Your prediction"
352,"Your prediction"
353,"Your prediction"
354,"Your prediction"
355,"Your prediction"
356,"Your prediction"
357,"Your prediction"
358,"Your prediction"
359,"Your prediction"
360,"Your prediction"
361,"Your prediction"
362,"Your prediction"
363,"Your prediction"
364,"Your prediction"
365,"Your prediction"
366,"Your prediction"
367,"Your prediction"
368,"Your prediction"
369,"Your prediction"
370,"Your prediction"
371,"Your prediction"
372,"Your prediction"
373,"Your prediction"
374,"Your prediction"
375,"Your prediction"
376,"Your prediction"
377,"Your prediction"
378,"Your prediction"
379,"Your prediction"
380,"Your prediction"
381,"Your prediction"
382,"Your prediction"
383,"Your prediction"
384,"Your prediction"
385,"Your prediction"
386,"Your prediction"
387,"Your prediction"
388,"Your prediction"
389,"Your prediction"
390,"Your prediction"
391,"Your prediction"
392,"Your prediction"
393,"Your prediction"
394,"Your prediction"
395,"Your prediction"
396,"Your prediction"
397,"Your prediction"
398,"Your prediction"
399,"Your prediction"
400,"Your prediction"
401,"Your prediction"
402,"Your prediction"
403,"Your prediction"
404,"Your prediction"
405,"Your prediction"
406,"Your prediction"
407,"Your prediction"
408,"Your prediction"
409,"Your prediction"
410,"Your prediction"
411,"Your prediction"
412,"Your prediction"
413,"Your prediction"
414,"Your prediction"
415,"Your prediction"
416,"Your prediction"
417,"Your prediction"
418,"Your prediction"
419,"Your prediction"
420,"Your prediction"
421,"Your prediction"
422,"Your prediction"
423,"Your prediction"
424,"Your prediction"
425,"Your prediction"
426,"Your prediction"
427,"Your prediction"
428,"Your prediction"
429,"Your prediction"
430,"Your prediction"
431,"Your prediction"
432,"Your prediction"
433,"Your prediction"
434,"Your prediction"
435,"Your prediction"
436,"Your prediction"
437,"Your prediction"
438,"Your prediction"
439,"Your prediction"
440,"Your prediction"
441,"Your prediction"
442,"Your prediction"
443,"Your prediction"
444,"Your prediction"
445,"Your prediction"
446,"Your prediction"
447,"Your prediction"
448,"Your prediction"
449,"Your prediction"
450,"Your prediction"
451,"Your prediction"
452,"Your prediction"
453,"Your prediction"
454,"Your prediction"
455,"Your prediction"
456,"Your prediction"
457,"Your prediction"
458,"Your prediction"
459,"Your prediction"
460,"Your prediction"
461,"Your prediction"
462,"Your prediction"
463,"Your prediction"
464,"Your prediction"
465,"Your prediction"
466,"Your prediction"
467,"Your prediction"
468,"Your prediction"
469,"Your prediction"
470,"Your prediction"
471,"Your prediction"
472,"Your prediction"
473,"Your prediction"
474,"Your prediction"
475,"Your prediction"
476,"Your prediction"
477,"Your prediction"
478,"Your prediction"
479,"Your prediction"
480,"Your prediction"
481,"Your prediction"
482,"Your prediction"
483,"Your prediction"
484,"Your prediction"
485,"Your prediction"
486,"Your prediction"
487,"Your prediction"
488,"Your prediction"
489,"Your prediction"
490,"Your prediction"
491,"Your prediction"
492,"Your prediction"
493,"Your prediction"
494,"Your prediction"
495,"Your prediction"
496,"Your prediction"
497,"Your prediction"
498,"Your prediction"
499,"Your prediction"
500,"Your prediction"
501,"Your prediction"
502,"Your prediction"
503,"Your prediction"
504,"Your prediction"
505,"Your prediction"
506,"Your prediction"
507,"Your prediction"
508,"Your prediction"
509,"Your prediction"
510,"Your prediction"
511,"Your prediction"
512,"Your prediction"
513,"Your prediction"
514,"Your prediction"
515,"Your prediction"
516,"Your prediction"
517,"Your prediction"
518,"Your prediction"
519,"Your prediction"
520,"Your prediction"
521,"Your prediction"
522,"Your prediction"
523,"Your prediction"
524,"Your prediction"
525,"Your prediction"
526,"Your prediction"
527,"Your prediction"
528,"Your prediction"
529,"Your prediction"
530,"Your prediction"
531,"Your prediction"
532,"Your prediction"
533,"Your prediction"
534,"Your prediction"
535,"Your prediction"
536,"Your prediction"
537,"Your prediction"
538,"Your prediction"
539,"Your prediction"
540,"Your prediction"
541,"Your prediction"
542,"Your prediction"
543,"Your prediction"
544,"Your prediction"
545,"Your prediction"
546,"Your prediction"
547,"Your prediction"
548,"Your prediction"
549,"Your prediction"
550,"Your prediction"
551,"Your prediction"
552,"Your prediction"
553,"Your prediction"
554,"Your prediction"
555,"Your prediction"
556,"Your prediction"
557,"Your prediction"
558,"Your prediction"
559,"Your prediction"
560,"Your prediction"
561,"Your prediction"
562,"Your prediction"
563,"Your prediction"
564,"Your prediction"
565,"Your prediction"
566,"Your prediction"
567,"Your prediction"
568,"Your prediction"
569,"Your prediction"
570,"Your prediction"
571,"Your prediction"
572,"Your prediction"
573,"Your prediction"
574,"Your prediction"
575,"Your prediction"
576,"Your prediction"
577,"Your prediction"
578,"Your prediction"
579,"Your prediction"
580,"Your prediction"
581,"Your prediction"
582,"Your prediction"
583,"Your prediction"
584,"Your prediction"
585,"Your prediction"
586,"Your prediction"
587,"Your prediction"
588,"Your prediction"
589,"Your prediction"
590,"Your prediction"
591,"Your prediction"
592,"Your prediction"
593,"Your prediction"
594,"Your prediction"
595,"Your prediction"
596,"Your prediction"
597,"Your prediction"
598,"Your prediction"
599,"Your prediction"
600,"Your prediction"
601,"Your prediction"
602,"Your prediction"
603,"Your prediction"
604,"Your prediction"
605,"Your prediction"
606,"Your prediction"
607,"Your prediction"
608,"Your prediction"
609,"Your prediction"
610,"Your prediction"
611,"Your prediction"
612,"Your prediction"
613,"Your prediction"
614,"Your prediction"
615,"Your prediction"
616,"Your prediction"
617,"Your prediction"
618,"Your prediction"
619,"Your prediction"
620,"Your prediction"
621,"Your prediction"
622,"Your prediction"
623,"Your prediction"
624,"Your prediction"
625,"Your prediction"
626,"Your prediction"
627,"Your prediction"
628,"Your prediction"
629,"Your prediction"
630,"Your prediction"
631,"Your prediction"
632,"Your prediction"
633,"Your prediction"
634,"Your prediction"
635,"Your prediction"
636,"Your prediction"
637,"Your prediction"
638,"Your prediction"
639,"Your prediction"
640,"Your prediction"
641,"Your prediction"
642,"Your prediction"
643,"Your prediction"
644,"Your prediction"
645,"Your prediction"
646,"Your prediction"
647,"Your prediction"
648,"Your prediction"
649,"Your prediction"
650,"Your prediction"
651,"Your prediction"
652,"Your prediction"
653,"Your prediction"
654,"Your prediction"
655,"Your prediction"
656,"Your prediction"
657,"Your prediction"
658,"Your prediction"
659,"Your prediction"
660,"Your prediction"
661,"Your prediction"
662,"Your prediction"
663,"Your prediction"
664,"Your prediction"
665,"Your prediction"
666,"Your prediction"
667,"Your prediction"
668,"Your prediction"
669,"Your prediction"
670,"Your prediction"
671,"Your prediction"
672,"Your prediction"
673,"Your prediction"
674,"Your prediction"
675,"Your prediction"
676,"Your prediction"
677,"Your prediction"
678,"Your prediction"
679,"Your prediction"
680,"Your prediction"
681,"Your prediction"
682,"Your prediction"
683,"Your prediction"
684,"Your prediction"
685,"Your prediction"
686,"Your prediction"
687,"Your prediction"
688,"Your prediction"
689,"Your prediction"
690,"Your prediction"
691,"Your prediction"
692,"Your prediction"
693,"Your prediction"
694,"Your prediction"
695,"Your prediction"
696,"Your prediction"
697,"Your prediction"
698,"Your prediction"
699,"Your prediction"
700,"Your prediction"
701,"Your prediction"
702,"Your prediction"
703,"Your prediction"
704,"Your prediction"
705,"Your prediction"
706,"Your prediction"
707,"Your prediction"
708,"Your prediction"
709,"Your prediction"
710,"Your prediction"
711,"Your prediction"
712,"Your prediction"
713,"Your prediction"
714,"Your prediction"
715,"Your prediction"
716,"Your prediction"
717,"Your prediction"
718,"Your prediction"
719,"Your prediction"
720,"Your prediction"
721,"Your prediction"
722,"Your prediction"
723,"Your prediction"
724,"Your prediction"
725,"Your prediction"
726,"Your prediction"
727,"Your prediction"
728,"Your prediction"
729,"Your prediction"
730,"Your prediction"
731,"Your prediction"
732,"Your prediction"
733,"Your prediction"
734,"Your prediction"
735,"Your prediction"
736,"Your prediction"
737,"Your prediction"
738,"Your prediction"
739,"Your prediction"
740,"Your prediction"
741,"Your prediction"
742,"Your prediction"
743,"Your prediction"
744,"Your prediction"
745,"Your prediction"
746,"Your prediction"
747,"Your prediction"
748,"Your prediction"
749,"Your prediction"
750,"Your prediction"
751,"Your prediction"
752,"Your prediction"
753,"Your prediction"
754,"Your prediction"
755,"Your prediction"
756,"Your prediction"
757,"Your prediction"
758,"Your prediction"
759,"Your prediction"
760,"Your prediction"
761,"Your prediction"
762,"Your prediction"
763,"Your prediction"
764,"Your prediction"
765,"Your prediction"
766,"Your prediction"
767,"Your prediction"
768,"Your prediction"
769,"Your prediction"
770,"Your prediction"
771,"Your prediction"
772,"Your prediction"
773,"Your prediction"
774,"Your prediction"
775,"Your prediction"
776,"Your prediction"
777,"Your prediction"
778,"Your prediction"
779,"Your prediction"
780,"Your prediction"
781,"Your prediction"
782,"Your prediction"
783,"Your prediction"
784,"Your prediction"
785,"Your prediction"
786,"Your prediction"
787,"Your prediction"
788,"Your prediction"
789,"Your prediction"
790,"Your prediction"
791,"Your prediction"
792,"Your prediction"
793,"Your prediction"
794,"Your prediction"
795,"Your prediction"
796,"Your prediction"
797,"Your prediction"
798,"Your prediction"
799,"Your prediction"
800,"Your prediction"
801,"Your prediction"
802,"Your prediction"
803,"Your prediction"
804,"Your prediction"
805,"Your prediction"
806,"Your prediction"
807,"Your prediction"
808,"Your prediction"
809,"Your prediction"
810,"Your prediction"
811,"Your prediction"
812,"Your prediction"
813,"Your prediction"
814,"Your prediction"
815,"Your prediction"
816,"Your prediction"
817,"Your prediction"
818,"Your prediction"
819,"Your prediction"
820,"Your prediction"
821,"Your prediction"
822,"Your prediction"
823,"Your prediction"
824,"Your prediction"
825,"Your prediction"
826,"Your prediction"
827,"Your prediction"
828,"Your prediction"
829,"Your prediction"
830,"Your prediction"
831,"Your prediction"
832,"Your prediction"
833,"Your prediction"
834,"Your prediction"
835,"Your prediction"
836,"Your prediction"
837,"Your prediction"
838,"Your prediction"
839,"Your prediction"
840,"Your prediction"
841,"Your prediction"
842,"Your prediction"
843,"Your prediction"
844,"Your prediction"
845,"Your prediction"
846,"Your prediction"
847,"Your prediction"
848,"Your prediction"
849,"Your prediction"
850,"Your prediction"
851,"Your prediction"
852,"Your prediction"
853,"Your prediction"
854,"Your prediction"
855,"Your prediction"
856,"Your prediction"
857,"Your prediction"
858,"Your prediction"
859,"Your prediction"
860,"Your prediction"
861,"Your prediction"
862,"Your prediction"
863,"Your prediction"
864,"Your prediction"
865,"Your prediction"
866,"Your prediction"
867,"Your prediction"
868,"Your prediction"
869,"Your prediction"
870,"Your prediction"
871,"Your prediction"
872,"Your prediction"
873,"Your prediction"
874,"Your prediction"
875,"Your prediction"
876,"Your prediction"
877,"Your prediction"
878,"Your prediction"
879,"Your prediction"
880,"Your prediction"
881,"Your prediction"
882,"Your prediction"
883,"Your prediction"
884,"Your prediction"
885,"Your prediction"
886,"Your prediction"
887,"Your prediction"
888,"Your prediction"
889,"Your prediction"
890,"Your prediction"
891,"Your prediction"
892,"Your prediction"
893,"Your prediction"
894,"Your prediction"
895,"Your prediction"
896,"Your prediction"
897,"Your prediction"
898,"Your prediction"
899,"Your prediction"
900,"Your prediction"
901,"Your prediction"
902,"Your prediction"
903,"Your prediction"
904,"Your prediction"
905,"Your prediction"
906,"Your prediction"
907,"Your prediction"
908,"Your prediction"
909,"Your prediction"
910,"Your prediction"
911,"Your prediction"
912,"Your prediction"
913,"Your prediction"
914,"Your prediction"
915,"Your prediction"
916,"Your prediction"
917,"Your prediction"
918,"Your prediction"
919,"Your prediction"
920,"Your prediction"
921,"Your prediction"
922,"Your prediction"
923,"Your prediction"
924,"Your prediction"
925,"Your prediction"
926,"Your prediction"
927,"Your prediction"
928,"Your prediction"
929,"Your prediction"
930,"Your prediction"
931,"Your prediction"
932,"Your prediction"
933,"Your prediction"
934,"Your prediction"
935,"Your prediction"
936,"Your prediction"
937,"Your prediction"
938,"Your prediction"
939,"Your prediction"
940,"Your prediction"
941,"Your prediction"
942,"Your prediction"
943,"Your prediction"
944,"Your prediction"
945,"Your prediction"
946,"Your prediction"
947,"Your prediction"
948,"Your prediction"
949,"Your prediction"
950,"Your prediction"
951,"Your prediction"
952,"Your prediction"
953,"Your prediction"
954,"Your prediction"
955,"Your prediction"
956,"Your prediction"
957,"Your prediction"
958,"Your prediction"
959,"Your prediction"
960,"Your prediction"
961,"Your prediction"
962,"Your prediction"
963,"Your prediction"
964,"Your prediction"
965,"Your prediction"
966,"Your prediction"
967,"Your prediction"
968,"Your prediction"
969,"Your prediction"
970,"Your prediction"
971,"Your prediction"
972,"Your prediction"
973,"Your prediction"
974,"Your prediction"
975,"Your prediction"
976,"Your prediction"
977,"Your prediction"
978,"Your prediction"
979,"Your prediction"
980,"Your prediction"
981,"Your prediction"
982,"Your prediction"
983,"Your prediction"
984,"Your prediction"
985,"Your prediction"
986,"Your prediction"
987,"Your prediction"
988,"Your prediction"
989,"Your prediction"
990,"Your prediction"
991,"Your prediction"
992,"Your prediction"
993,"Your prediction"
994,"Your prediction"
995,"Your prediction"
996,"Your prediction"
997,"Your prediction"
998,"Your prediction"
999,"Your prediction"
1000,"Your prediction"
1001,"Your prediction"
1002,"Your prediction"
1003,"Your prediction"
1004,"Your prediction"
1005,"Your prediction"
1006,"Your prediction"
1007,"Your prediction"
1008,"Your prediction"
1009,"Your prediction"
1010,"Your prediction"
1011,"Your prediction"
1012,"Your prediction"
1013,"Your prediction"
1014,"Your prediction"
1015,"Your prediction"
1016,"Your prediction"
1017,"Your prediction"
1018,"Your prediction"
1019,"Your prediction"
1020,"Your prediction"
1021,"Your prediction"
1022,"Your prediction"
1023,"Your prediction"
1024,"Your prediction"
1025,"Your prediction"
1026,"Your prediction"
1027,"Your prediction"
1028,"Your prediction"
1029,"Your prediction"
1030,"Your prediction"
1031,"Your prediction"
1032,"Your prediction"
1033,"Your prediction"
1034,"Your prediction"
1035,"Your prediction"
1036,"Your prediction"
1037,"Your prediction"
1038,"Your prediction"
1039,"Your prediction"
1040,"Your prediction"
1041,"Your prediction"
1042,"Your prediction"
1043,"Your prediction"
1044,"Your prediction"
1045,"Your prediction"
1046,"Your prediction"
1047,"Your prediction"
1048,"Your prediction"
1049,"Your prediction"
1050,"Your prediction"
1051,"Your prediction"
1052,"Your prediction"
1053,"Your prediction"
1054,"Your prediction"
1055,"Your prediction"
1056,"Your prediction"
1057,"Your prediction"
1058,"Your prediction"
1059,"Your prediction"
1060,"Your prediction"
1061,"Your prediction"
1062,"Your prediction"
1063,"Your prediction"
1064,"Your prediction"
1065,"Your prediction"
1066,"Your prediction"
1067,"Your prediction"
1068,"Your prediction"
1069,"Your prediction"
1070,"Your prediction"
1071,"Your prediction"
1072,"Your prediction"
1073,"Your prediction"
1074,"Your prediction"
1075,"Your prediction"
1076,"Your prediction"
1077,"Your prediction"
1078,"Your prediction"
1079,"Your prediction"
1080,"Your prediction"
1081,"Your prediction"
1082,"Your prediction"
1083,"Your prediction"
1084,"Your prediction"
1085,"Your prediction"
1086,"Your prediction"
1087,"Your prediction"
1088,"Your prediction"
1089,"Your prediction"
1090,"Your prediction"
1091,"Your prediction"
1092,"Your prediction"
1093,"Your prediction"
1094,"Your prediction"
1095,"Your prediction"
1096,"Your prediction"
1097,"Your prediction"
1098,"Your prediction"
1099,"Your prediction"
1100,"Your prediction"
1101,"Your prediction"
1102,"Your prediction"
1103,"Your prediction"
1104,"Your prediction"
1105,"Your prediction"
1106,"Your prediction"
1107,"Your prediction"
1108,"Your prediction"
1109,"Your prediction"
1110,"Your prediction"
1111,"Your prediction"
1112,"Your prediction"
1113,"Your prediction"
1114,"Your prediction"
1115,"Your prediction"
1116,"Your prediction"
1117,"Your prediction"
1118,"Your prediction"
1119,"Your prediction"
1120,"Your prediction"
1121,"Your prediction"
1122,"Your prediction"
1123,"Your prediction"
1124,"Your prediction"
1125,"Your prediction"
1126,"Your prediction"
1127,"Your prediction"
1128,"Your prediction"
1129,"Your prediction"
1130,"Your prediction"
1131,"Your prediction"
1132,"Your prediction"
1133,"Your prediction"
1134,"Your prediction"
1135,"Your prediction"
1136,"Your prediction"
1137,"Your prediction"
1138,"Your prediction"
1139,"Your prediction"
1140,"Your prediction"
1141,"Your prediction"
1142,"Your prediction"
1143,"Your prediction"
1144,"Your prediction"
1145,"Your prediction"
1146,"Your prediction"
1147,"Your prediction"
1148,"Your prediction"
1149,"Your prediction"
1150,"Your prediction"
1151,"Your prediction"
1152,"Your prediction"
1153,"Your prediction"
1154,"Your prediction"
1155,"Your prediction"
1156,"Your prediction"
1157,"Your prediction"
1158,"Your prediction"
1159,"Your prediction"
1160,"Your prediction"
1161,"Your prediction"
1162,"Your prediction"
1163,"Your prediction"
1164,"Your prediction"
1165,"Your prediction"
1166,"Your prediction"
1167,"Your prediction"
1168,"Your prediction"
1169,"Your prediction"
1170,"Your prediction"
1171,"Your prediction"
1172,"Your prediction"
1173,"Your prediction"
1174,"Your prediction"
1175,"Your prediction"
1176,"Your prediction"
1177,"Your prediction"
1178,"Your prediction"
1179,"Your prediction"
1180,"Your prediction"
1181,"Your prediction"
1182,"Your prediction"
1183,"Your prediction"
1184,"Your prediction"
1185,"Your prediction"
1186,"Your prediction"
1187,"Your prediction"
1188,"Your prediction"
1189,"Your prediction"
1190,"Your prediction"
1191,"Your prediction"
1192,"Your prediction"
1193,"Your prediction"
1194,"Your prediction"
1195,"Your prediction"
1196,"Your prediction"
1197,"Your prediction"
1198,"Your prediction"
1199,"Your prediction"
1200,"Your prediction"
1201,"Your prediction"
1202,"Your prediction"
1203,"Your prediction"
1204,"Your prediction"
1205,"Your prediction"
1206,"Your prediction"
1207,"Your prediction"
1208,"Your prediction"
1209,"Your prediction"
1210,"Your prediction"
1211,"Your prediction"
1212,"Your prediction"
1213,"Your prediction"
1214,"Your prediction"
1215,"Your prediction"
1216,"Your prediction"
1217,"Your prediction"
1218,"Your prediction"
1219,"Your prediction"
1220,"Your prediction"
1221,"Your prediction"
1222,"Your prediction"
1223,"Your prediction"
1224,"Your prediction"
1225,"Your prediction"
1226,"Your prediction"
1227,"Your prediction"
1228,"Your prediction"
1229,"Your prediction"
1230,"Your prediction"
1231,"Your prediction"
1232,"Your prediction"
1233,"Your prediction"
1234,"Your prediction"
1235,"Your prediction"
1236,"Your prediction"
1237,"Your prediction"
1238,"Your prediction"
1239,"Your prediction"
1240,"Your prediction"
1241,"Your prediction"
1242,"Your prediction"
1243,"Your prediction"
1244,"Your prediction"
1245,"Your prediction"
1246,"Your prediction"
1247,"Your prediction"
1248,"Your prediction"
1249,"Your prediction"
1250,"Your prediction"
1251,"Your prediction"
1252,"Your prediction"
1253,"Your prediction"
1254,"Your prediction"
1255,"Your prediction"
1256,"Your prediction"
1257,"Your prediction"
1258,"Your prediction"
1259,"Your prediction"
1260,"Your prediction"
1261,"Your prediction"
1262,"Your prediction"
1263,"Your prediction"
1264,"Your prediction"
1265,"Your prediction"
1266,"Your prediction"
1267,"Your prediction"
1268,"Your prediction"
1269,"Your prediction"
1270,"Your prediction"
1271,"Your prediction"
1272,"Your prediction"
1273,"Your prediction"
1274,"Your prediction"
1275,"Your prediction"
1276,"Your prediction"
1277,"Your prediction"
1278,"Your prediction"
1279,"Your prediction"
1280,"Your prediction"
1281,"Your prediction"
1282,"Your prediction"
1283,"Your prediction"
1284,"Your prediction"
1285,"Your prediction"
1286,"Your prediction"
1287,"Your prediction"
1288,"Your prediction"
1289,"Your prediction"
1290,"Your prediction"
1291,"Your prediction"
1292,"Your prediction"
1293,"Your prediction"
1294,"Your prediction"
1295,"Your prediction"
1296,"Your prediction"
1297,"Your prediction"
1298,"Your prediction"
1299,"Your prediction"
1300,"Your prediction"
1301,"Your prediction"
1302,"Your prediction"
1303,"Your prediction"
1304,"Your prediction"
1305,"Your prediction"
1306,"Your prediction"
1307,"Your prediction"
1308,"Your prediction"
1309,"Your prediction"
1310,"Your prediction"
1311,"Your prediction"
1312,"Your prediction"
1313,"Your prediction"
1314,"Your prediction"
1315,"Your prediction"
1316,"Your prediction"
1317,"Your prediction"
1318,"Your prediction"
1319,"Your prediction"
1320,"Your prediction"
1321,"Your prediction"
1322,"Your prediction"
1323,"Your prediction"
1324,"Your prediction"
1325,"Your prediction"
1326,"Your prediction"
1327,"Your prediction"
1328,"Your prediction"
1329,"Your prediction"
1330,"Your prediction"
1331,"Your prediction"
1332,"Your prediction"
1333,"Your prediction"
1334,"Your prediction"
1335,"Your prediction"
1336,"Your prediction"
1337,"Your prediction"
1338,"Your prediction"
1339,"Your prediction"
1340,"Your prediction"
1341,"Your prediction"
1342,"Your prediction"
1343,"Your prediction"
1344,"Your prediction"
1345,"Your prediction"
1346,"Your prediction"
1347,"Your prediction"
1348,"Your prediction"
1349,"Your prediction"
1350,"Your prediction"
1351,"Your prediction"
1352,"Your prediction"
1353,"Your prediction"
1354,"Your prediction"
1355,"Your prediction"
1356,"Your prediction"
1357,"Your prediction"
1358,"Your prediction"
1359,"Your prediction"
1360,"Your prediction"
1361,"Your prediction"
1362,"Your prediction"
1363,"Your prediction"
1364,"Your prediction"
1365,"Your prediction"
1366,"Your prediction"
1367,"Your prediction"
1368,"Your prediction"
1369,"Your prediction"
1370,"Your prediction"
1371,"Your prediction"
1372,"Your prediction"
1373,"Your prediction"
1374,"Your prediction"
1375,"Your prediction"
1376,"Your prediction"
1377,"Your prediction"
1378,"Your prediction"
1379,"Your prediction"
1380,"Your prediction"
1381,"Your prediction"
1382,"Your prediction"
1383,"Your prediction"
1384,"Your prediction"
1385,"Your prediction"
1386,"Your prediction"
1387,"Your prediction"
1388,"Your prediction"
1389,"Your prediction"
1390,"Your prediction"
1391,"Your prediction"
1392,"Your prediction"
1393,"Your prediction"
1394,"Your prediction"
1395,"Your prediction"
1396,"Your prediction"
1397,"Your prediction"
1398,"Your prediction"
1399,"Your prediction"
1400,"Your prediction"
1401,"Your prediction"
1402,"Your prediction"
1403,"Your prediction"
1404,"Your prediction"
1405,"Your prediction"
1406,"Your prediction"
1407,"Your prediction"
1408,"Your prediction"
1409,"Your prediction"
1410,"Your prediction"
1411,"Your prediction"
1412,"Your prediction"
1413,"Your prediction"
1414,"Your prediction"
1415,"Your prediction"
1416,"Your prediction"
1417,"Your prediction"
1418,"Your prediction"
1419,"Your prediction"
1420,"Your prediction"
1421,"Your prediction"
1422,"Your prediction"
1423,"Your prediction"
1424,"Your prediction"
1425,"Your prediction"
1426,"Your prediction"
1427,"Your prediction"
1428,"Your prediction"
1429,"Your prediction"
1430,"Your prediction"
1431,"Your prediction"
1432,"Your prediction"
1433,"Your prediction"
1434,"Your prediction"
1435,"Your prediction"
1436,"Your prediction"
1437,"Your prediction"
1438,"Your prediction"
1439,"Your prediction"
1440,"Your prediction"
1441,"Your prediction"
1442,"Your prediction"
1443,"Your prediction"
1444,"Your prediction"
1445,"Your prediction"
1446,"Your prediction"
1447,"Your prediction"
1448,"Your prediction"
1449,"Your prediction"
1450,"Your prediction"
1451,"Your prediction"
1452,"Your prediction"
1453,"Your prediction"
1454,"Your prediction"
1455,"Your prediction"
1456,"Your prediction"
1457,"Your prediction"
1458,"Your prediction"
1459,"Your prediction"
1460,"Your prediction"
1461,"Your prediction"
1462,"Your prediction"
1463,"Your prediction"
1464,"Your prediction"
1465,"Your prediction"
1466,"Your prediction"
1467,"Your prediction"
1468,"Your prediction"
1469,"Your prediction"
1470,"Your prediction"
1471,"Your prediction"
1472,"Your prediction"
1473,"Your prediction"
1474,"Your prediction"
1475,"Your prediction"
1476,"Your prediction"
1477,"Your prediction"
1478,"Your prediction"
1479,"Your prediction"
1480,"Your prediction"
1481,"Your prediction"
1482,"Your prediction"
1483,"Your prediction"
1484,"Your prediction"
1485,"Your prediction"
1486,"Your prediction"
1487,"Your prediction"
1488,"Your prediction"
1489,"Your prediction"
1490,"Your prediction"
1491,"Your prediction"
1492,"Your prediction"
1493,"Your prediction"
1494,"Your prediction"
1495,"Your prediction"
1496,"Your prediction"
1497,"Your prediction"
1498,"Your prediction"
1499,"Your prediction"
1500,"Your prediction"
1501,"Your prediction"
1502,"Your prediction"
1503,"Your prediction"
1504,"Your prediction"
1505,"Your prediction"
1506,"Your prediction"
1507,"Your prediction"
1508,"Your prediction"
1509,"Your prediction"
1510,"Your prediction"
1511,"Your prediction"
1512,"Your prediction"
1513,"Your prediction"
1514,"Your prediction"
1515,"Your prediction"
1516,"Your prediction"
1517,"Your prediction"
1518,"Your prediction"
1519,"Your prediction"
1520,"Your prediction"
1521,"Your prediction"
1522,"Your prediction"
1523,"Your prediction"
1524,"Your prediction"
1525,"Your prediction"
1526,"Your prediction"
1527,"Your prediction"
1528,"Your prediction"
1529,"Your prediction"
1530,"Your prediction"
1531,"Your prediction"
1532,"Your prediction"
1533,"Your prediction"
1534,"Your prediction"
1535,"Your prediction"
1536,"Your prediction"
1537,"Your prediction"
1538,"Your prediction"
1539,"Your prediction"
1540,"Your prediction"
1541,"Your prediction"
1542,"Your prediction"
1543,"Your prediction"
1544,"Your prediction"
1545,"Your prediction"
1546,"Your prediction"
1547,"Your prediction"
1548,"Your prediction"
1549,"Your prediction"
1550,"Your prediction"
1551,"Your prediction"
1552,"Your prediction"
1553,"Your prediction"
1554,"Your prediction"
1555,"Your prediction"
1556,"Your prediction"
1557,"Your prediction"
1558,"Your prediction"
1559,"Your prediction"
1560,"Your prediction"
1561,"Your prediction"
1562,"Your prediction"
1563,"Your prediction"
1564,"Your prediction"
1565,"Your prediction"
1566,"Your prediction"
1567,"Your prediction"
1568,"Your prediction"
1569,"Your prediction"
1570,"Your prediction"
1571,"Your prediction"
1572,"Your prediction"
1573,"Your prediction"
1574,"Your prediction"
1575,"Your prediction"
1576,"Your prediction"
1577,"Your prediction"
1578,"Your prediction"
1579,"Your prediction"
1580,"Your prediction"
1581,"Your prediction"
1582,"Your prediction"
1583,"Your prediction"
1584,"Your prediction"
1585,"Your prediction"
1586,"Your prediction"
1587,"Your prediction"
1588,"Your prediction"
1589,"Your prediction"
1590,"Your prediction"
1591,"Your prediction"
1592,"Your prediction"
1593,"Your prediction"
1594,"Your prediction"
1595,"Your prediction"
1596,"Your prediction"
1597,"Your prediction"
1598,"Your prediction"
1599,"Your prediction"
1600,"Your prediction"
1601,"Your prediction"
1602,"Your prediction"
1603,"Your prediction"
1604,"Your prediction"
1605,"Your prediction"
1606,"Your prediction"
1607,"Your prediction"
1608,"Your prediction"
1609,"Your prediction"
1610,"Your prediction"
1611,"Your prediction"
1612,"Your prediction"
1613,"Your prediction"
1614,"Your prediction"
1615,"Your prediction"
1616,"Your prediction"
1617,"Your prediction"
1618,"Your prediction"
1619,"Your prediction"
1620,"Your prediction"
1621,"Your prediction"
1622,"Your prediction"
1623,"Your prediction"
1624,"Your prediction"
1625,"Your prediction"
1626,"Your prediction"
1627,"Your prediction"
1628,"Your prediction"
1629,"Your prediction"
1630,"Your prediction"
1631,"Your prediction"
1632,"Your prediction"
1633,"Your prediction"
1634,"Your prediction"
1635,"Your prediction"
1636,"Your prediction"
1637,"Your prediction"
1638,"Your prediction"
1639,"Your prediction"
1640,"Your prediction"
1641,"Your prediction"
1642,"Your prediction"
1643,"Your prediction"
1644,"Your prediction"
1645,"Your prediction"
1646,"Your prediction"
1647,"Your prediction"
1648,"Your prediction"
1649,"Your prediction"
1650,"Your prediction"
1651,"Your prediction"
1652,"Your prediction"
1653,"Your prediction"
1654,"Your prediction"
1655,"Your prediction"
1656,"Your prediction"
1657,"Your prediction"
1658,"Your prediction"
1659,"Your prediction"
1660,"Your prediction"
1661,"Your prediction"
1662,"Your prediction"
1663,"Your prediction"
1664,"Your prediction"
1665,"Your prediction"
1666,"Your prediction"
1667,"Your prediction"
1668,"Your prediction"
1669,"Your prediction"
1670,"Your prediction"
1671,"Your prediction"
1672,"Your prediction"
1673,"Your prediction"
1674,"Your prediction"
1675,"Your prediction"
1676,"Your prediction"
1677,"Your prediction"
1678,"Your prediction"
1679,"Your prediction"
1680,"Your prediction"
1681,"Your prediction"
1682,"Your prediction"
1683,"Your prediction"
1684,"Your prediction"
1685,"Your prediction"
1686,"Your prediction"
1687,"Your prediction"
1688,"Your prediction"
1689,"Your prediction"
1690,"Your prediction"
1691,"Your prediction"
1692,"Your prediction"
1693,"Your prediction"
1694,"Your prediction"
1695,"Your prediction"
1696,"Your prediction"
1697,"Your prediction"
1698,"Your prediction"
1699,"Your prediction"
1700,"Your prediction"
1701,"Your prediction"
1702,"Your prediction"
1703,"Your prediction"
1704,"Your prediction"
1705,"Your prediction"
1706,"Your prediction"
1707,"Your prediction"
1708,"Your prediction"
1709,"Your prediction"
1710,"Your prediction"
1711,"Your prediction"
1712,"Your prediction"
1713,"Your prediction"
1714,"Your prediction"
1715,"Your prediction"
1716,"Your prediction"
1717,"Your prediction"
1718,"Your prediction"
1719,"Your prediction"
1720,"Your prediction"
1721,"Your prediction"
1722,"Your prediction"
1723,"Your prediction"
1724,"Your prediction"
1725,"Your prediction"
1726,"Your prediction"
1727,"Your prediction"
1728,"Your prediction"
1729,"Your prediction"
1730,"Your prediction"
1731,"Your prediction"
1732,"Your prediction"
1733,"Your prediction"
1734,"Your prediction"
1735,"Your prediction"
1736,"Your prediction"
1737,"Your prediction"
1738,"Your prediction"
1739,"Your prediction"
1740,"Your prediction"
1741,"Your prediction"
1742,"Your prediction"
1743,"Your prediction"
1744,"Your prediction"
1745,"Your prediction"
1746,"Your prediction"
1747,"Your prediction"
1748,"Your prediction"
1749,"Your prediction"
1750,"Your prediction"
1751,"Your prediction"
1752,"Your prediction"
1753,"Your prediction"
1754,"Your prediction"
1755,"Your prediction"
1756,"Your prediction"
1757,"Your prediction"
1758,"Your prediction"
1759,"Your prediction"
1760,"Your prediction"
1761,"Your prediction"
1762,"Your prediction"
1763,"Your prediction"
1764,"Your prediction"
1765,"Your prediction"
1766,"Your prediction"
1767,"Your prediction"
1768,"Your prediction"
1769,"Your prediction"
1770,"Your prediction"
1771,"Your prediction"
1772,"Your prediction"
1773,"Your prediction"
1774,"Your prediction"
1775,"Your prediction"
1776,"Your prediction"
1777,"Your prediction"
1778,"Your prediction"
1779,"Your prediction"
1780,"Your prediction"
1781,"Your prediction"
1782,"Your prediction"
1783,"Your prediction"
1784,"Your prediction"
1785,"Your prediction"
1786,"Your prediction"
1787,"Your prediction"
1788,"Your prediction"
1789,"Your prediction"
1790,"Your prediction"
1791,"Your prediction"
1792,"Your prediction"
1793,"Your prediction"
1794,"Your prediction"
1795,"Your prediction"
1796,"Your prediction"
1797,"Your prediction"
1798,"Your prediction"
1799,"Your prediction"
1800,"Your prediction"
1801,"Your prediction"
1802,"Your prediction"
1803,"Your prediction"
1804,"Your prediction"
1805,"Your prediction"
1806,"Your prediction"
1807,"Your prediction"
1808,"Your prediction"
1809,"Your prediction"
1810,"Your prediction"
1811,"Your prediction"
1812,"Your prediction"
1813,"Your prediction"
1814,"Your prediction"
1815,"Your prediction"
1816,"Your prediction"
1817,"Your prediction"
1818,"Your prediction"
1819,"Your prediction"
1820,"Your prediction"
1821,"Your prediction"
1822,"Your prediction"
1823,"Your prediction"
1824,"Your prediction"
1825,"Your prediction"
1826,"Your prediction"
1827,"Your prediction"
1828,"Your prediction"
1829,"Your prediction"
1830,"Your prediction"
1831,"Your prediction"
1832,"Your prediction"
1833,"Your prediction"
1834,"Your prediction"
1835,"Your prediction"
1836,"Your prediction"
1837,"Your prediction"
1838,"Your prediction"
1839,"Your prediction"
1840,"Your prediction"
1841,"Your prediction"
1842,"Your prediction"
1843,"Your prediction"
1844,"Your prediction"
1845,"Your prediction"
1846,"Your prediction"
1847,"Your prediction"
1848,"Your prediction"
1849,"Your prediction"
1850,"Your prediction"
1851,"Your prediction"
1852,"Your prediction"
1853,"Your prediction"
1854,"Your prediction"
1855,"Your prediction"
1856,"Your prediction"
1857,"Your prediction"
1858,"Your prediction"
1859,"Your prediction"
1860,"Your prediction"
1861,"Your prediction"
1862,"Your prediction"
1863,"Your prediction"
1864,"Your prediction"
1865,"Your prediction"
1866,"Your prediction"
1867,"Your prediction"
1868,"Your prediction"
1869,"Your prediction"
1870,"Your prediction"
1871,"Your prediction"
1872,"Your prediction"
1873,"Your prediction"
1874,"Your prediction"
1875,"Your prediction"
1876,"Your prediction"
1877,"Your prediction"
1878,"Your prediction"
1879,"Your prediction"
1880,"Your prediction"
1881,"Your prediction"
1882,"Your prediction"
1883,"Your prediction"
1884,"Your prediction"
1885,"Your prediction"
1886,"Your prediction"
1887,"Your prediction"
1888,"Your prediction"
1889,"Your prediction"
1890,"Your prediction"
1891,"Your prediction"
1892,"Your prediction"
1893,"Your prediction"
1894,"Your prediction"
1895,"Your prediction"
1896,"Your prediction"
1897,"Your prediction"
1898,"Your prediction"
1899,"Your prediction"
1900,"Your prediction"
1901,"Your prediction"
1902,"Your prediction"
1903,"Your prediction"
1904,"Your prediction"
1905,"Your prediction"
1906,"Your prediction"
1907,"Your prediction"
1908,"Your prediction"
1909,"Your prediction"
1910,"Your prediction"
1911,"Your prediction"
1912,"Your prediction"
1913,"Your prediction"
1914,"Your prediction"
1915,"Your prediction"
1916,"Your prediction"
1917,"Your prediction"
1918,"Your prediction"
1919,"Your prediction"
1920,"Your prediction"
1921,"Your prediction"
1922,"Your prediction"
1923,"Your prediction"
1924,"Your prediction"
1925,"Your prediction"
1926,"Your prediction"
1927,"Your prediction"
1928,"Your prediction"
1929,"Your prediction"
1930,"Your prediction"
1931,"Your prediction"
1932,"Your prediction"
1933,"Your prediction"
1934,"Your prediction"
1935,"Your prediction"
1936,"Your prediction"
1937,"Your prediction"
1938,"Your prediction"
1939,"Your prediction"
1940,"Your prediction"
1941,"Your prediction"
1942,"Your prediction"
1943,"Your prediction"
1944,"Your prediction"
1945,"Your prediction"
1946,"Your prediction"
1947,"Your prediction"
1948,"Your prediction"
1949,"Your prediction"
1950,"Your prediction"
1951,"Your prediction"
1952,"Your prediction"
1953,"Your prediction"
1954,"Your prediction"
1955,"Your prediction"
1956,"Your prediction"
1957,"Your prediction"
1958,"Your prediction"
1959,"Your prediction"
1960,"Your prediction"
1961,"Your prediction"
1962,"Your prediction"
1963,"Your prediction"
1964,"Your prediction"
1965,"Your prediction"
1966,"Your prediction"
1967,"Your prediction"
1968,"Your prediction"
1969,"Your prediction"
1970,"Your prediction"
1971,"Your prediction"
1972,"Your prediction"
1973,"Your prediction"
1974,"Your prediction"
1975,"Your prediction"
1976,"Your prediction"
1977,"Your prediction"
1978,"Your prediction"
1979,"Your prediction"
1980,"Your prediction"
1981,"Your prediction"
1982,"Your prediction"
1983,"Your prediction"
1984,"Your prediction"
1985,"Your prediction"
1986,"Your prediction"
1987,"Your prediction"
1988,"Your prediction"
1989,"Your prediction"
1990,"Your prediction"
1991,"Your prediction"
1992,"Your prediction"
1993,"Your prediction"
1994,"Your prediction"
1995,"Your prediction"
1996,"Your prediction"
1997,"Your prediction"
1998,"Your prediction"
1999,"Your prediction"
2000,"Your prediction"
2001,"Your prediction"
2002,"Your prediction"
2003,"Your prediction"
2004,"Your prediction"
2005,"Your prediction"
2006,"Your prediction"
2007,"Your prediction"
2008,"Your prediction"
2009,"Your prediction"
2010,"Your prediction"
2011,"Your prediction"
2012,"Your prediction"
2013,"Your prediction"
2014,"Your prediction"
2015,"Your prediction"
2016,"Your prediction"
2017,"Your prediction"
2018,"Your prediction"
2019,"Your prediction"
2020,"Your prediction"
2021,"Your prediction"
2022,"Your prediction"
2023,"Your prediction"
2024,"Your prediction"
2025,"Your prediction"
2026,"Your prediction"
2027,"Your prediction"
2028,"Your prediction"
2029,"Your prediction"
2030,"Your prediction"
2031,"Your prediction"
2032,"Your prediction"
2033,"Your prediction"
2034,"Your prediction"
2035,"Your prediction"
2036,"Your prediction"
2037,"Your prediction"
2038,"Your prediction"
2039,"Your prediction"
2040,"Your prediction"
2041,"Your prediction"
2042,"Your prediction"
2043,"Your prediction"
2044,"Your prediction"
2045,"Your prediction"
2046,"Your prediction"
2047,"Your prediction"
2048,"Your prediction"
2049,"Your prediction"
2050,"Your prediction"
2051,"Your prediction"
2052,"Your prediction"
2053,"Your prediction"
2054,"Your prediction"
2055,"Your prediction"
2056,"Your prediction"
2057,"Your prediction"
2058,"Your prediction"
2059,"Your prediction"
2060,"Your prediction"
2061,"Your prediction"
2062,"Your prediction"
2063,"Your prediction"
2064,"Your prediction"
2065,"Your prediction"
2066,"Your prediction"
2067,"Your prediction"
2068,"Your prediction"
2069,"Your prediction"
2070,"Your prediction"
2071,"Your prediction"
2072,"Your prediction"
2073,"Your prediction"
2074,"Your prediction"
2075,"Your prediction"
2076,"Your prediction"
2077,"Your prediction"
2078,"Your prediction"
2079,"Your prediction"
2080,"Your prediction"
2081,"Your prediction"
2082,"Your prediction"
2083,"Your prediction"
2084,"Your prediction"
2085,"Your prediction"
2086,"Your prediction"
2087,"Your prediction"
2088,"Your prediction"
2089,"Your prediction"
2090,"Your prediction"
2091,"Your prediction"
2092,"Your prediction"
2093,"Your prediction"
2094,"Your prediction"
2095,"Your prediction"
2096,"Your prediction"
2097,"Your prediction"
2098,"Your prediction"
2099,"Your prediction"
2100,"Your prediction"
2101,"Your prediction"
2102,"Your prediction"
2103,"Your prediction"
2104,"Your prediction"
2105,"Your prediction"
2106,"Your prediction"
2107,"Your prediction"
2108,"Your prediction"
2109,"Your prediction"
2110,"Your prediction"
2111,"Your prediction"
2112,"Your prediction"
2113,"Your prediction"
2114,"Your prediction"
2115,"Your prediction"
2116,"Your prediction"
2117,"Your prediction"
2118,"Your prediction"
2119,"Your prediction"
2120,"Your prediction"
2121,"Your prediction"
2122,"Your prediction"
2123,"Your prediction"
2124,"Your prediction"
2125,"Your prediction"
2126,"Your prediction"
2127,"Your prediction"
2128,"Your prediction"
2129,"Your prediction"
2130,"Your prediction"
2131,"Your prediction"
2132,"Your prediction"
2133,"Your prediction"
2134,"Your prediction"
2135,"Your prediction"
2136,"Your prediction"
2137,"Your prediction"
2138,"Your prediction"
2139,"Your prediction"
2140,"Your prediction"
2141,"Your prediction"
2142,"Your prediction"
2143,"Your prediction"
2144,"Your prediction"
2145,"Your prediction"
2146,"Your prediction"
2147,"Your prediction"
2148,"Your prediction"
2149,"Your prediction"
2150,"Your prediction"
2151,"Your prediction"
2152,"Your prediction"
2153,"Your prediction"
2154,"Your prediction"
2155,"Your prediction"
2156,"Your prediction"
2157,"Your prediction"
2158,"Your prediction"
2159,"Your prediction"
2160,"Your prediction"
2161,"Your prediction"
2162,"Your prediction"
2163,"Your prediction"
2164,"Your prediction"
2165,"Your prediction"
2166,"Your prediction"
2167,"Your prediction"
2168,"Your prediction"
2169,"Your prediction"
2170,"Your prediction"
2171,"Your prediction"
2172,"Your prediction"
2173,"Your prediction"
2174,"Your prediction"
2175,"Your prediction"
2176,"Your prediction"
2177,"Your prediction"
2178,"Your prediction"
2179,"Your prediction"
2180,"Your prediction"
2181,"Your prediction"
2182,"Your prediction"
2183,"Your prediction"
2184,"Your prediction"
2185,"Your prediction"
2186,"Your prediction"
2187,"Your prediction"
2188,"Your prediction"
2189,"Your prediction"
2190,"Your prediction"
2191,"Your prediction"
2192,"Your prediction"
2193,"Your prediction"
2194,"Your prediction"
2195,"Your prediction"
2196,"Your prediction"
2197,"Your prediction"
2198,"Your prediction"
2199,"Your prediction"
2200,"Your prediction"
2201,"Your prediction"
2202,"Your prediction"
2203,"Your prediction"
2204,"Your prediction"
2205,"Your prediction"
2206,"Your prediction"
2207,"Your prediction"
2208,"Your prediction"
2209,"Your prediction"
2210,"Your prediction"
2211,"Your prediction"
2212,"Your prediction"
2213,"Your prediction"
2214,"Your prediction"
2215,"Your prediction"
2216,"Your prediction"
2217,"Your prediction"
2218,"Your prediction"
2219,"Your prediction"
2220,"Your prediction"
2221,"Your prediction"
2222,"Your prediction"
2223,"Your prediction"
2224,"Your prediction"
2225,"Your prediction"
2226,"Your prediction"
2227,"Your prediction"
2228,"Your prediction"
2229,"Your prediction"
2230,"Your prediction"
2231,"Your prediction"
2232,"Your prediction"
2233,"Your prediction"
2234,"Your prediction"
2235,"Your prediction"
2236,"Your prediction"
2237,"Your prediction"
2238,"Your prediction"
2239,"Your prediction"
2240,"Your prediction"
2241,"Your prediction"
2242,"Your prediction"
2243,"Your prediction"
2244,"Your prediction"
2245,"Your prediction"
2246,"Your prediction"
2247,"Your prediction"
2248,"Your prediction"
2249,"Your prediction"
2250,"Your prediction"
2251,"Your prediction"
2252,"Your prediction"
2253,"Your prediction"
2254,"Your prediction"
2255,"Your prediction"
2256,"Your prediction"
2257,"Your prediction"
2258,"Your prediction"
2259,"Your prediction"
2260,"Your prediction"
2261,"Your prediction"
2262,"Your prediction"
2263,"Your prediction"
2264,"Your prediction"
2265,"Your prediction"
2266,"Your prediction"
2267,"Your prediction"
2268,"Your prediction"
2269,"Your prediction"
2270,"Your prediction"
2271,"Your prediction"
2272,"Your prediction"
2273,"Your prediction"
2274,"Your prediction"
2275,"Your prediction"
2276,"Your prediction"
2277,"Your prediction"
2278,"Your prediction"
2279,"Your prediction"
2280,"Your prediction"
2281,"Your prediction"
2282,"Your prediction"
2283,"Your prediction"
2284,"Your prediction"
2285,"Your prediction"
2286,"Your prediction"
2287,"Your prediction"
2288,"Your prediction"
2289,"Your prediction"
2290,"Your prediction"
2291,"Your prediction"
2292,"Your prediction"
2293,"Your prediction"
2294,"Your prediction"
2295,"Your prediction"
2296,"Your prediction"
2297,"Your prediction"
2298,"Your prediction"
2299,"Your prediction"
2300,"Your prediction"
2301,"Your prediction"
2302,"Your prediction"
2303,"Your prediction"
2304,"Your prediction"
2305,"Your prediction"
2306,"Your prediction"
2307,"Your prediction"
2308,"Your prediction"
2309,"Your prediction"
2310,"Your prediction"
2311,"Your prediction"
2312,"Your prediction"
2313,"Your prediction"
2314,"Your prediction"
2315,"Your prediction"
2316,"Your prediction"
2317,"Your prediction"
2318,"Your prediction"
2319,"Your prediction"
2320,"Your prediction"
2321,"Your prediction"
2322,"Your prediction"
2323,"Your prediction"
2324,"Your prediction"
2325,"Your prediction"
2326,"Your prediction"
2327,"Your prediction"
2328,"Your prediction"
2329,"Your prediction"
2330,"Your prediction"
2331,"Your prediction"
2332,"Your prediction"
2333,"Your prediction"
2334,"Your prediction"
2335,"Your prediction"
2336,"Your prediction"
2337,"Your prediction"
2338,"Your prediction"
2339,"Your prediction"
2340,"Your prediction"
2341,"Your prediction"
2342,"Your prediction"
2343,"Your prediction"
2344,"Your prediction"
2345,"Your prediction"
2346,"Your prediction"
2347,"Your prediction"
2348,"Your prediction"
2349,"Your prediction"
2350,"Your prediction"
2351,"Your prediction"
2352,"Your prediction"
2353,"Your prediction"
2354,"Your prediction"
2355,"Your prediction"
2356,"Your prediction"
2357,"Your prediction"
2358,"Your prediction"
2359,"Your prediction"
2360,"Your prediction"
2361,"Your prediction"
2362,"Your prediction"
2363,"Your prediction"
2364,"Your prediction"
2365,"Your prediction"
2366,"Your prediction"
2367,"Your prediction"
2368,"Your prediction"
2369,"Your prediction"
2370,"Your prediction"
2371,"Your prediction"
2372,"Your prediction"
2373,"Your prediction"
2374,"Your prediction"
2375,"Your prediction"
2376,"Your prediction"
2377,"Your prediction"
2378,"Your prediction"
2379,"Your prediction"
2380,"Your prediction"
2381,"Your prediction"
2382,"Your prediction"
2383,"Your prediction"
2384,"Your prediction"
2385,"Your prediction"
2386,"Your prediction"
2387,"Your prediction"
2388,"Your prediction"
2389,"Your prediction"
2390,"Your prediction"
2391,"Your prediction"
2392,"Your prediction"
2393,"Your prediction"
2394,"Your prediction"
2395,"Your prediction"
2396,"Your prediction"
2397,"Your prediction"
2398,"Your prediction"
2399,"Your prediction"
2400,"Your prediction"
2401,"Your prediction"
2402,"Your prediction"
2403,"Your prediction"
2404,"Your prediction"
2405,"Your prediction"
2406,"Your prediction"
2407,"Your prediction"
2408,"Your prediction"
2409,"Your prediction"
2410,"Your prediction"
2411,"Your prediction"
2412,"Your prediction"
2413,"Your prediction"
2414,"Your prediction"
2415,"Your prediction"
2416,"Your prediction"
2417,"Your prediction"
2418,"Your prediction"
2419,"Your prediction"
2420,"Your prediction"
2421,"Your prediction"
2422,"Your prediction"
2423,"Your prediction"
2424,"Your prediction"
2425,"Your prediction"
2426,"Your prediction"
2427,"Your prediction"
2428,"Your prediction"
2429,"Your prediction"
2430,"Your prediction"
2431,"Your prediction"
2432,"Your prediction"
2433,"Your prediction"
2434,"Your prediction"
2435,"Your prediction"
2436,"Your prediction"
2437,"Your prediction"
2438,"Your prediction"
2439,"Your prediction"
2440,"Your prediction"
2441,"Your prediction"
2442,"Your prediction"
2443,"Your prediction"
2444,"Your prediction"
2445,"Your prediction"
2446,"Your prediction"
2447,"Your prediction"
2448,"Your prediction"
2449,"Your prediction"
2450,"Your prediction"
2451,"Your prediction"
2452,"Your prediction"
2453,"Your prediction"
2454,"Your prediction"
2455,"Your prediction"
2456,"Your prediction"
2457,"Your prediction"
2458,"Your prediction"
2459,"Your prediction"
2460,"Your prediction"
2461,"Your prediction"
2462,"Your prediction"
2463,"Your prediction"
2464,"Your prediction"
2465,"Your prediction"
2466,"Your prediction"
2467,"Your prediction"
2468,"Your prediction"
2469,"Your prediction"
2470,"Your prediction"
2471,"Your prediction"
2472,"Your prediction"
2473,"Your prediction"
2474,"Your prediction"
2475,"Your prediction"
2476,"Your prediction"
2477,"Your prediction"
2478,"Your prediction"
2479,"Your prediction"
2480,"Your prediction"
2481,"Your prediction"
2482,"Your prediction"
2483,"Your prediction"
2484,"Your prediction"
2485,"Your prediction"
2486,"Your prediction"
2487,"Your prediction"
2488,"Your prediction"
2489,"Your prediction"
2490,"Your prediction"
2491,"Your prediction"
2492,"Your prediction"
2493,"Your prediction"
2494,"Your prediction"
2495,"Your prediction"
2496,"Your prediction"
2497,"Your prediction"
2498,"Your prediction"
2499,"Your prediction"
2500,"Your prediction"
2501,"Your prediction"
2502,"Your prediction"
2503,"Your prediction"
2504,"Your prediction"
2505,"Your prediction"
2506,"Your prediction"
2507,"Your prediction"
2508,"Your prediction"
2509,"Your prediction"
2510,"Your prediction"
2511,"Your prediction"
2512,"Your prediction"
2513,"Your prediction"
2514,"Your prediction"
2515,"Your prediction"
2516,"Your prediction"
2517,"Your prediction"
2518,"Your prediction"
2519,"Your prediction"
2520,"Your prediction"
2521,"Your prediction"
2522,"Your prediction"
2523,"Your prediction"
2524,"Your prediction"
2525,"Your prediction"
2526,"Your prediction"
2527,"Your prediction"
2528,"Your prediction"
2529,"Your prediction"
2530,"Your prediction"
2531,"Your prediction"
2532,"Your prediction"
2533,"Your prediction"
2534,"Your prediction"
2535,"Your prediction"
2536,"Your prediction"
2537,"Your prediction"
2538,"Your prediction"
2539,"Your prediction"
2540,"Your prediction"
2541,"Your prediction"
2542,"Your prediction"
2543,"Your prediction"
2544,"Your prediction"
2545,"Your prediction"
2546,"Your prediction"
2547,"Your prediction"
2548,"Your prediction"
2549,"Your prediction"
2550,"Your prediction"
2551,"Your prediction"
2552,"Your prediction"
2553,"Your prediction"
2554,"Your prediction"
2555,"Your prediction"
2556,"Your prediction"
2557,"Your prediction"
2558,"Your prediction"
2559,"Your prediction"
2560,"Your prediction"
2561,"Your prediction"
2562,"Your prediction"
2563,"Your prediction"
2564,"Your prediction"
2565,"Your prediction"
2566,"Your prediction"
2567,"Your prediction"
2568,"Your prediction"
2569,"Your prediction"
2570,"Your prediction"
2571,"Your prediction"
2572,"Your prediction"
2573,"Your prediction"
2574,"Your prediction"
2575,"Your prediction"
2576,"Your prediction"
2577,"Your prediction"
2578,"Your prediction"
2579,"Your prediction"
2580,"Your prediction"
2581,"Your prediction"
2582,"Your prediction"
2583,"Your prediction"
2584,"Your prediction"
2585,"Your prediction"
2586,"Your prediction"
2587,"Your prediction"
2588,"Your prediction"
2589,"Your prediction"
2590,"Your prediction"
2591,"Your prediction"
2592,"Your prediction"
2593,"Your prediction"
2594,"Your prediction"
2595,"Your prediction"
2596,"Your prediction"
2597,"Your prediction"
2598,"Your prediction"
2599,"Your prediction"
2600,"Your prediction"
2601,"Your prediction"
2602,"Your prediction"
2603,"Your prediction"
2604,"Your prediction"
2605,"Your prediction"
2606,"Your prediction"
2607,"Your prediction"
2608,"Your prediction"
2609,"Your prediction"
2610,"Your prediction"
2611,"Your prediction"
2612,"Your prediction"
2613,"Your prediction"
2614,"Your prediction"
2615,"Your prediction"
2616,"Your prediction"
2617,"Your prediction"
2618,"Your prediction"
2619,"Your prediction"
2620,"Your prediction"
2621,"Your prediction"
2622,"Your prediction"
2623,"Your prediction"
2624,"Your prediction"
2625,"Your prediction"
2626,"Your prediction"
2627,"Your prediction"
2628,"Your prediction"
2629,"Your prediction"
2630,"Your prediction"
2631,"Your prediction"
2632,"Your prediction"
2633,"Your prediction"
2634,"Your prediction"
2635,"Your prediction"
2636,"Your prediction"
2637,"Your prediction"
2638,"Your prediction"
2639,"Your prediction"
2640,"Your prediction"
2641,"Your prediction"
2642,"Your prediction"
2643,"Your prediction"
2644,"Your prediction"
2645,"Your prediction"
2646,"Your prediction"
2647,"Your prediction"
2648,"Your prediction"
2649,"Your prediction"
2650,"Your prediction"
2651,"Your prediction"
2652,"Your prediction"
2653,"Your prediction"
2654,"Your prediction"
2655,"Your prediction"
2656,"Your prediction"
2657,"Your prediction"
2658,"Your prediction"
2659,"Your prediction"
2660,"Your prediction"
2661,"Your prediction"
2662,"Your prediction"
2663,"Your prediction"
2664,"Your prediction"
2665,"Your prediction"
2666,"Your prediction"
2667,"Your prediction"
2668,"Your prediction"
2669,"Your prediction"
2670,"Your prediction"
2671,"Your prediction"
2672,"Your prediction"
2673,"Your prediction"
2674,"Your prediction"
2675,"Your prediction"
2676,"Your prediction"
2677,"Your prediction"
2678,"Your prediction"
2679,"Your prediction"
2680,"Your prediction"
2681,"Your prediction"
2682,"Your prediction"
2683,"Your prediction"
2684,"Your prediction"
2685,"Your prediction"
2686,"Your prediction"
2687,"Your prediction"
2688,"Your prediction"
2689,"Your prediction"
2690,"Your prediction"
2691,"Your prediction"
2692,"Your prediction"
2693,"Your prediction"
2694,"Your prediction"
2695,"Your prediction"
2696,"Your prediction"
2697,"Your prediction"
2698,"Your prediction"
2699,"Your prediction"
2700,"Your prediction"
2701,"Your prediction"
2702,"Your prediction"
2703,"Your prediction"
2704,"Your prediction"
2705,"Your prediction"
2706,"Your prediction"
2707,"Your prediction"
2708,"Your prediction"
2709,"Your prediction"
2710,"Your prediction"
2711,"Your prediction"
2712,"Your prediction"
2713,"Your prediction"
2714,"Your prediction"
2715,"Your prediction"
2716,"Your prediction"
2717,"Your prediction"
2718,"Your prediction"
2719,"Your prediction"
2720,"Your prediction"
2721,"Your prediction"
2722,"Your prediction"
2723,"Your prediction"
2724,"Your prediction"
2725,"Your prediction"
2726,"Your prediction"
2727,"Your prediction"
2728,"Your prediction"
2729,"Your prediction"
2730,"Your prediction"
2731,"Your prediction"
2732,"Your prediction"
2733,"Your prediction"
2734,"Your prediction"
2735,"Your prediction"
2736,"Your prediction"
2737,"Your prediction"
2738,"Your prediction"
2739,"Your prediction"
2740,"Your prediction"
2741,"Your prediction"
2742,"Your prediction"
2743,"Your prediction"
2744,"Your prediction"
2745,"Your prediction"
2746,"Your prediction"
2747,"Your prediction"
2748,"Your prediction"
2749,"Your prediction"
2750,"Your prediction"
2751,"Your prediction"
2752,"Your prediction"
2753,"Your prediction"
2754,"Your prediction"
2755,"Your prediction"
2756,"Your prediction"
2757,"Your prediction"
2758,"Your prediction"
2759,"Your prediction"
2760,"Your prediction"
2761,"Your prediction"
2762,"Your prediction"
2763,"Your prediction"
2764,"Your prediction"
2765,"Your prediction"
2766,"Your prediction"
2767,"Your prediction"
2768,"Your prediction"
2769,"Your prediction"
2770,"Your prediction"
2771,"Your prediction"
2772,"Your prediction"
2773,"Your prediction"
2774,"Your prediction"
2775,"Your prediction"
2776,"Your prediction"
2777,"Your prediction"
2778,"Your prediction"
2779,"Your prediction"
2780,"Your prediction"
2781,"Your prediction"
2782,"Your prediction"
2783,"Your prediction"
2784,"Your prediction"
2785,"Your prediction"
2786,"Your prediction"
2787,"Your prediction"
2788,"Your prediction"
2789,"Your prediction"
2790,"Your prediction"
2791,"Your prediction"
2792,"Your prediction"
2793,"Your prediction"
2794,"Your prediction"
2795,"Your prediction"
2796,"Your prediction"
2797,"Your prediction"
2798,"Your prediction"
2799,"Your prediction"
2800,"Your prediction"
2801,"Your prediction"
2802,"Your prediction"
2803,"Your prediction"
2804,"Your prediction"
2805,"Your prediction"
2806,"Your prediction"
2807,"Your prediction"
2808,"Your prediction"
2809,"Your prediction"
2810,"Your prediction"
2811,"Your prediction"
2812,"Your prediction"
2813,"Your prediction"
2814,"Your prediction"
2815,"Your prediction"
2816,"Your prediction"
2817,"Your prediction"
2818,"Your prediction"
2819,"Your prediction"
2820,"Your prediction"
2821,"Your prediction"
2822,"Your prediction"
2823,"Your prediction"
2824,"Your prediction"
2825,"Your prediction"
2826,"Your prediction"
2827,"Your prediction"
2828,"Your prediction"
2829,"Your prediction"
2830,"Your prediction"
2831,"Your prediction"
2832,"Your prediction"
2833,"Your prediction"
2834,"Your prediction"
2835,"Your prediction"
2836,"Your prediction"
2837,"Your prediction"
2838,"Your prediction"
2839,"Your prediction"
2840,"Your prediction"
2841,"Your prediction"
2842,"Your prediction"
2843,"Your prediction"
2844,"Your prediction"
2845,"Your prediction"
2846,"Your prediction"
2847,"Your prediction"
2848,"Your prediction"
2849,"Your prediction"
2850,"Your prediction"
2851,"Your prediction"
2852,"Your prediction"
2853,"Your prediction"
2854,"Your prediction"
2855,"Your prediction"
2856,"Your prediction"
2857,"Your prediction"
2858,"Your prediction"
2859,"Your prediction"
2860,"Your prediction"
2861,"Your prediction"
2862,"Your prediction"
2863,"Your prediction"
2864,"Your prediction"
2865,"Your prediction"
2866,"Your prediction"
2867,"Your prediction"
2868,"Your prediction"
2869,"Your prediction"
2870,"Your prediction"
2871,"Your prediction"
2872,"Your prediction"
2873,"Your prediction"
2874,"Your prediction"
2875,"Your prediction"
2876,"Your prediction"
2877,"Your prediction"
2878,"Your prediction"
2879,"Your prediction"
2880,"Your prediction"
2881,"Your prediction"
2882,"Your prediction"
2883,"Your prediction"
2884,"Your prediction"
2885,"Your prediction"
2886,"Your prediction"
2887,"Your prediction"
2888,"Your prediction"
2889,"Your prediction"
2890,"Your prediction"
2891,"Your prediction"
2892,"Your prediction"
2893,"Your prediction"
2894,"Your prediction"
2895,"Your prediction"
2896,"Your prediction"
2897,"Your prediction"
2898,"Your prediction"
2899,"Your prediction"
2900,"Your prediction"
2901,"Your prediction"
2902,"Your prediction"
2903,"Your prediction"
2904,"Your prediction"
2905,"Your prediction"
2906,"Your prediction"
2907,"Your prediction"
2908,"Your prediction"
2909,"Your prediction"
2910,"Your prediction"
2911,"Your prediction"
2912,"Your prediction"
2913,"Your prediction"
2914,"Your prediction"
2915,"Your prediction"
2916,"Your prediction"
2917,"Your prediction"
2918,"Your prediction"
2919,"Your prediction"
2920,"Your prediction"
2921,"Your prediction"
2922,"Your prediction"
2923,"Your prediction"
2924,"Your prediction"
2925,"Your prediction"
2926,"Your prediction"
2927,"Your prediction"
2928,"Your prediction"
2929,"Your prediction"
2930,"Your prediction"
2931,"Your prediction"
2932,"Your prediction"
2933,"Your prediction"
2934,"Your prediction"
2935,"Your prediction"
2936,"Your prediction"
2937,"Your prediction"
2938,"Your prediction"
2939,"Your prediction"
2940,"Your prediction"
2941,"Your prediction"
2942,"Your prediction"
2943,"Your prediction"
2944,"Your prediction"
2945,"Your prediction"
2946,"Your prediction"
2947,"Your prediction"
2948,"Your prediction"
2949,"Your prediction"
2950,"Your prediction"
2951,"Your prediction"
2952,"Your prediction"
2953,"Your prediction"
2954,"Your prediction"
2955,"Your prediction"
2956,"Your prediction"
2957,"Your prediction"
2958,"Your prediction"
2959,"Your prediction"
2960,"Your prediction"
2961,"Your prediction"
2962,"Your prediction"
2963,"Your prediction"
2964,"Your prediction"
2965,"Your prediction"
2966,"Your prediction"
2967,"Your prediction"
2968,"Your prediction"
2969,"Your prediction"
2970,"Your prediction"
2971,"Your prediction"
2972,"Your prediction"
2973,"Your prediction"
2974,"Your prediction"
2975,"Your prediction"
2976,"Your prediction"
2977,"Your prediction"
2978,"Your prediction"
2979,"Your prediction"
2980,"Your prediction"
2981,"Your prediction"
2982,"Your prediction"
2983,"Your prediction"
2984,"Your prediction"
2985,"Your prediction"
2986,"Your prediction"
2987,"Your prediction"
2988,"Your prediction"
2989,"Your prediction"
2990,"Your prediction"
2991,"Your prediction"
2992,"Your prediction"
2993,"Your prediction"
2994,"Your prediction"
2995,"Your prediction"
2996,"Your prediction"
2997,"Your prediction"
2998,"Your prediction"
2999,"Your prediction"
3000,"Your prediction"
3001,"Your prediction"
3002,"Your prediction"
3003,"Your prediction"
3004,"Your prediction"
3005,"Your prediction"
3006,"Your prediction"
3007,"Your prediction"
3008,"Your prediction"
3009,"Your prediction"
3010,"Your prediction"
3011,"Your prediction"
3012,"Your prediction"
3013,"Your prediction"
3014,"Your prediction"
3015,"Your prediction"
3016,"Your prediction"
3017,"Your prediction"
3018,"Your prediction"
3019,"Your prediction"
3020,"Your prediction"
3021,"Your prediction"
3022,"Your prediction"
3023,"Your prediction"
3024,"Your prediction"
3025,"Your prediction"
3026,"Your prediction"
3027,"Your prediction"
3028,"Your prediction"
3029,"Your prediction"
3030,"Your prediction"
3031,"Your prediction"
3032,"Your prediction"
3033,"Your prediction"
3034,"Your prediction"
3035,"Your prediction"
3036,"Your prediction"
3037,"Your prediction"
3038,"Your prediction"
3039,"Your prediction"
3040,"Your prediction"
3041,"Your prediction"
3042,"Your prediction"
3043,"Your prediction"
3044,"Your prediction"
3045,"Your prediction"
3046,"Your prediction"
3047,"Your prediction"
3048,"Your prediction"
3049,"Your prediction"
3050,"Your prediction"
3051,"Your prediction"
3052,"Your prediction"
3053,"Your prediction"
3054,"Your prediction"
3055,"Your prediction"
3056,"Your prediction"
3057,"Your prediction"
3058,"Your prediction"
3059,"Your prediction"
3060,"Your prediction"
3061,"Your prediction"
3062,"Your prediction"
3063,"Your prediction"
3064,"Your prediction"
3065,"Your prediction"
3066,"Your prediction"
3067,"Your prediction"
3068,"Your prediction"
3069,"Your prediction"
3070,"Your prediction"
3071,"Your prediction"
3072,"Your prediction"
3073,"Your prediction"
3074,"Your prediction"
3075,"Your prediction"
3076,"Your prediction"
3077,"Your prediction"
3078,"Your prediction"
3079,"Your prediction"
3080,"Your prediction"
3081,"Your prediction"
3082,"Your prediction"
3083,"Your prediction"
3084,"Your prediction"
3085,"Your prediction"
3086,"Your prediction"
3087,"Your prediction"
3088,"Your prediction"
3089,"Your prediction"
3090,"Your prediction"
3091,"Your prediction"
3092,"Your prediction"
3093,"Your prediction"
3094,"Your prediction"
3095,"Your prediction"
3096,"Your prediction"
3097,"Your prediction"
3098,"Your prediction"
3099,"Your prediction"
3100,"Your prediction"
3101,"Your prediction"
3102,"Your prediction"
3103,"Your prediction"
3104,"Your prediction"
3105,"Your prediction"
3106,"Your prediction"
3107,"Your prediction"
3108,"Your prediction"
3109,"Your prediction"
3110,"Your prediction"
3111,"Your prediction"
3112,"Your prediction"
3113,"Your prediction"
3114,"Your prediction"
3115,"Your prediction"
3116,"Your prediction"
3117,"Your prediction"
3118,"Your prediction"
3119,"Your prediction"
3120,"Your prediction"
3121,"Your prediction"
3122,"Your prediction"
3123,"Your prediction"
3124,"Your prediction"
3125,"Your prediction"
3126,"Your prediction"
3127,"Your prediction"
3128,"Your prediction"
3129,"Your prediction"
3130,"Your prediction"
3131,"Your prediction"
3132,"Your prediction"
3133,"Your prediction"
3134,"Your prediction"
3135,"Your prediction"
3136,"Your prediction"
3137,"Your prediction"
3138,"Your prediction"
3139,"Your prediction"
3140,"Your prediction"
3141,"Your prediction"
3142,"Your prediction"
3143,"Your prediction"
3144,"Your prediction"
3145,"Your prediction"
3146,"Your prediction"
3147,"Your prediction"
3148,"Your prediction"
3149,"Your prediction"
3150,"Your prediction"
3151,"Your prediction"
3152,"Your prediction"
3153,"Your prediction"
3154,"Your prediction"
3155,"Your prediction"
3156,"Your prediction"
3157,"Your prediction"
3158,"Your prediction"
3159,"Your prediction"
3160,"Your prediction"
3161,"Your prediction"
3162,"Your prediction"
3163,"Your prediction"
3164,"Your prediction"
3165,"Your prediction"
3166,"Your prediction"
3167,"Your prediction"
3168,"Your prediction"
3169,"Your prediction"
3170,"Your prediction"
3171,"Your prediction"
3172,"Your prediction"
3173,"Your prediction"
3174,"Your prediction"
3175,"Your prediction"
3176,"Your prediction"
3177,"Your prediction"
3178,"Your prediction"
3179,"Your prediction"
3180,"Your prediction"
3181,"Your prediction"
3182,"Your prediction"
3183,"Your prediction"
3184,"Your prediction"
3185,"Your prediction"
3186,"Your prediction"
3187,"Your prediction"
3188,"Your prediction"
3189,"Your prediction"
3190,"Your prediction"
3191,"Your prediction"
3192,"Your prediction"
3193,"Your prediction"
3194,"Your prediction"
3195,"Your prediction"
3196,"Your prediction"
3197,"Your prediction"
3198,"Your prediction"
3199,"Your prediction"
3200,"Your prediction"
3201,"Your prediction"
3202,"Your prediction"
3203,"Your prediction"
3204,"Your prediction"
3205,"Your prediction"
3206,"Your prediction"
3207,"Your prediction"
3208,"Your prediction"
3209,"Your prediction"
3210,"Your prediction"
3211,"Your prediction"
3212,"Your prediction"
3213,"Your prediction"
3214,"Your prediction"
3215,"Your prediction"
3216,"Your prediction"
3217,"Your prediction"
3218,"Your prediction"
3219,"Your prediction"
3220,"Your prediction"
3221,"Your prediction"
3222,"Your prediction"
3223,"Your prediction"
3224,"Your prediction"
3225,"Your prediction"
3226,"Your prediction"
3227,"Your prediction"
3228,"Your prediction"
3229,"Your prediction"
3230,"Your prediction"
3231,"Your prediction"
3232,"Your prediction"
3233,"Your prediction"
3234,"Your prediction"
3235,"Your prediction"
3236,"Your prediction"
3237,"Your prediction"
3238,"Your prediction"
3239,"Your prediction"
3240,"Your prediction"
3241,"Your prediction"
3242,"Your prediction"
3243,"Your prediction"
3244,"Your prediction"
3245,"Your prediction"
3246,"Your prediction"
3247,"Your prediction"
3248,"Your prediction"
3249,"Your prediction"
3250,"Your prediction"
3251,"Your prediction"
3252,"Your prediction"
3253,"Your prediction"
3254,"Your prediction"
3255,"Your prediction"
3256,"Your prediction"
3257,"Your prediction"
3258,"Your prediction"
3259,"Your prediction"
3260,"Your prediction"
3261,"Your prediction"
3262,"Your prediction"
3263,"Your prediction"
3264,"Your prediction"
3265,"Your prediction"
3266,"Your prediction"
3267,"Your prediction"
3268,"Your prediction"
3269,"Your prediction"
3270,"Your prediction"
3271,"Your prediction"
3272,"Your prediction"
3273,"Your prediction"
3274,"Your prediction"
3275,"Your prediction"
3276,"Your prediction"
3277,"Your prediction"
3278,"Your prediction"
3279,"Your prediction"
3280,"Your prediction"
3281,"Your prediction"
3282,"Your prediction"
3283,"Your prediction"
3284,"Your prediction"
3285,"Your prediction"
3286,"Your prediction"
3287,"Your prediction"
3288,"Your prediction"
3289,"Your prediction"
3290,"Your prediction"
3291,"Your prediction"
3292,"Your prediction"
3293,"Your prediction"
3294,"Your prediction"
3295,"Your prediction"
3296,"Your prediction"
3297,"Your prediction"
3298,"Your prediction"
3299,"Your prediction"
3300,"Your prediction"
3301,"Your prediction"
3302,"Your prediction"
3303,"Your prediction"
3304,"Your prediction"
3305,"Your prediction"
3306,"Your prediction"
3307,"Your prediction"
3308,"Your prediction"
3309,"Your prediction"
3310,"Your prediction"
3311,"Your prediction"
3312,"Your prediction"
3313,"Your prediction"
3314,"Your prediction"
3315,"Your prediction"
3316,"Your prediction"
3317,"Your prediction"
3318,"Your prediction"
3319,"Your prediction"
3320,"Your prediction"
3321,"Your prediction"
3322,"Your prediction"
3323,"Your prediction"
3324,"Your prediction"
3325,"Your prediction"
3326,"Your prediction"
3327,"Your prediction"
3328,"Your prediction"
3329,"Your prediction"
3330,"Your prediction"
3331,"Your prediction"
3332,"Your prediction"
3333,"Your prediction"
3334,"Your prediction"
3335,"Your prediction"
3336,"Your prediction"
3337,"Your prediction"
3338,"Your prediction"
3339,"Your prediction"
3340,"Your prediction"
3341,"Your prediction"
3342,"Your prediction"
3343,"Your prediction"
3344,"Your prediction"
3345,"Your prediction"
3346,"Your prediction"
3347,"Your prediction"
3348,"Your prediction"
3349,"Your prediction"
3350,"Your prediction"
3351,"Your prediction"
3352,"Your prediction"
3353,"Your prediction"
3354,"Your prediction"
3355,"Your prediction"
3356,"Your prediction"
3357,"Your prediction"
3358,"Your prediction"
3359,"Your prediction"
3360,"Your prediction"
3361,"Your prediction"
3362,"Your prediction"
3363,"Your prediction"
3364,"Your prediction"
3365,"Your prediction"
3366,"Your prediction"
3367,"Your prediction"
3368,"Your prediction"
3369,"Your prediction"
3370,"Your prediction"
3371,"Your prediction"
3372,"Your prediction"
3373,"Your prediction"
3374,"Your prediction"
3375,"Your prediction"
3376,"Your prediction"
3377,"Your prediction"
3378,"Your prediction"
3379,"Your prediction"
3380,"Your prediction"
3381,"Your prediction"
3382,"Your prediction"
3383,"Your prediction"
3384,"Your prediction"
3385,"Your prediction"
3386,"Your prediction"
3387,"Your prediction"
3388,"Your prediction"
3389,"Your prediction"
3390,"Your prediction"
3391,"Your prediction"
3392,"Your prediction"
3393,"Your prediction"
3394,"Your prediction"
3395,"Your prediction"
3396,"Your prediction"
3397,"Your prediction"
3398,"Your prediction"
3399,"Your prediction"
3400,"Your prediction"
3401,"Your prediction"
3402,"Your prediction"
3403,"Your prediction"
3404,"Your prediction"
3405,"Your prediction"
3406,"Your prediction"
3407,"Your prediction"
3408,"Your prediction"
3409,"Your prediction"
3410,"Your prediction"
3411,"Your prediction"
3412,"Your prediction"
3413,"Your prediction"
3414,"Your prediction"
3415,"Your prediction"
3416,"Your prediction"
3417,"Your prediction"
3418,"Your prediction"
3419,"Your prediction"
3420,"Your prediction"
3421,"Your prediction"
3422,"Your prediction"
3423,"Your prediction"
3424,"Your prediction"
3425,"Your prediction"
3426,"Your prediction"
3427,"Your prediction"
3428,"Your prediction"
3429,"Your prediction"
3430,"Your prediction"
3431,"Your prediction"
3432,"Your prediction"
3433,"Your prediction"
3434,"Your prediction"
3435,"Your prediction"
3436,"Your prediction"
3437,"Your prediction"
3438,"Your prediction"
3439,"Your prediction"
3440,"Your prediction"
3441,"Your prediction"
3442,"Your prediction"
3443,"Your prediction"
3444,"Your prediction"
3445,"Your prediction"
3446,"Your prediction"
3447,"Your prediction"
3448,"Your prediction"
3449,"Your prediction"
3450,"Your prediction"
3451,"Your prediction"
3452,"Your prediction"
3453,"Your prediction"
3454,"Your prediction"
3455,"Your prediction"
3456,"Your prediction"
3457,"Your prediction"
3458,"Your prediction"
3459,"Your prediction"
3460,"Your prediction"
3461,"Your prediction"
3462,"Your prediction"
3463,"Your prediction"
3464,"Your prediction"
3465,"Your prediction"
3466,"Your prediction"
3467,"Your prediction"
3468,"Your prediction"
3469,"Your prediction"
3470,"Your prediction"
3471,"Your prediction"
3472,"Your prediction"
3473,"Your prediction"
3474,"Your prediction"
3475,"Your prediction"
3476,"Your prediction"
3477,"Your prediction"
3478,"Your prediction"
3479,"Your prediction"
3480,"Your prediction"
3481,"Your prediction"
3482,"Your prediction"
3483,"Your prediction"
3484,"Your prediction"
3485,"Your prediction"
3486,"Your prediction"
3487,"Your prediction"
3488,"Your prediction"
3489,"Your prediction"
3490,"Your prediction"
3491,"Your prediction"
3492,"Your prediction"
3493,"Your prediction"
3494,"Your prediction"
3495,"Your prediction"
3496,"Your prediction"
3497,"Your prediction"
3498,"Your prediction"
3499,"Your prediction"
3500,"Your prediction"
3501,"Your prediction"
3502,"Your prediction"
3503,"Your prediction"
3504,"Your prediction"
3505,"Your prediction"
3506,"Your prediction"
3507,"Your prediction"
3508,"Your prediction"
3509,"Your prediction"
3510,"Your prediction"
3511,"Your prediction"
3512,"Your prediction"
3513,"Your prediction"
3514,"Your prediction"
3515,"Your prediction"
3516,"Your prediction"
3517,"Your prediction"
3518,"Your prediction"
3519,"Your prediction"
3520,"Your prediction"
3521,"Your prediction"
3522,"Your prediction"
3523,"Your prediction"
3524,"Your prediction"
3525,"Your prediction"
3526,"Your prediction"
3527,"Your prediction"
3528,"Your prediction"
3529,"Your prediction"
3530,"Your prediction"
3531,"Your prediction"
3532,"Your prediction"
3533,"Your prediction"
3534,"Your prediction"
3535,"Your prediction"
3536,"Your prediction"
3537,"Your prediction"
3538,"Your prediction"
3539,"Your prediction"
3540,"Your prediction"
3541,"Your prediction"
3542,"Your prediction"
3543,"Your prediction"
3544,"Your prediction"
3545,"Your prediction"
3546,"Your prediction"
3547,"Your prediction"
3548,"Your prediction"
3549,"Your prediction"
3550,"Your prediction"
3551,"Your prediction"
3552,"Your prediction"
3553,"Your prediction"
3554,"Your prediction"
3555,"Your prediction"
3556,"Your prediction"
3557,"Your prediction"
3558,"Your prediction"
3559,"Your prediction"
3560,"Your prediction"
3561,"Your prediction"
3562,"Your prediction"
3563,"Your prediction"
3564,"Your prediction"
3565,"Your prediction"
3566,"Your prediction"
3567,"Your prediction"
3568,"Your prediction"
3569,"Your prediction"
3570,"Your prediction"
3571,"Your prediction"
3572,"Your prediction"
3573,"Your prediction"
3574,"Your prediction"
3575,"Your prediction"
3576,"Your prediction"
3577,"Your prediction"
3578,"Your prediction"
3579,"Your prediction"
3580,"Your prediction"
3581,"Your prediction"
3582,"Your prediction"
3583,"Your prediction"
3584,"Your prediction"
3585,"Your prediction"
3586,"Your prediction"
3587,"Your prediction"
3588,"Your prediction"
3589,"Your prediction"
3590,"Your prediction"
3591,"Your prediction"
3592,"Your prediction"
3593,"Your prediction"
3594,"Your prediction"
3595,"Your prediction"
3596,"Your prediction"
3597,"Your prediction"
3598,"Your prediction"
3599,"Your prediction"
3600,"Your prediction"
3601,"Your prediction"
3602,"Your prediction"
3603,"Your prediction"
3604,"Your prediction"
3605,"Your prediction"
3606,"Your prediction"
3607,"Your prediction"
3608,"Your prediction"
3609,"Your prediction"
3610,"Your prediction"
3611,"Your prediction"
3612,"Your prediction"
3613,"Your prediction"
3614,"Your prediction"
3615,"Your prediction"
3616,"Your prediction"
3617,"Your prediction"
3618,"Your prediction"
3619,"Your prediction"
3620,"Your prediction"
3621,"Your prediction"
3622,"Your prediction"
3623,"Your prediction"
3624,"Your prediction"
3625,"Your prediction"
3626,"Your prediction"
3627,"Your prediction"
3628,"Your prediction"
3629,"Your prediction"
3630,"Your prediction"
3631,"Your prediction"
3632,"Your prediction"
3633,"Your prediction"
3634,"Your prediction"
3635,"Your prediction"
3636,"Your prediction"
3637,"Your prediction"
3638,"Your prediction"
3639,"Your prediction"
3640,"Your prediction"
3641,"Your prediction"
3642,"Your prediction"
3643,"Your prediction"
3644,"Your prediction"
3645,"Your prediction"
3646,"Your prediction"
3647,"Your prediction"
3648,"Your prediction"
3649,"Your prediction"
3650,"Your prediction"
3651,"Your prediction"
3652,"Your prediction"
3653,"Your prediction"
3654,"Your prediction"
3655,"Your prediction"
3656,"Your prediction"
3657,"Your prediction"
3658,"Your prediction"
3659,"Your prediction"
3660,"Your prediction"
3661,"Your prediction"
3662,"Your prediction"
3663,"Your prediction"
3664,"Your prediction"
3665,"Your prediction"
3666,"Your prediction"
3667,"Your prediction"
3668,"Your prediction"
3669,"Your prediction"
3670,"Your prediction"
3671,"Your prediction"
3672,"Your prediction"
3673,"Your prediction"
3674,"Your prediction"
3675,"Your prediction"
3676,"Your prediction"
3677,"Your prediction"
3678,"Your prediction"
3679,"Your prediction"
3680,"Your prediction"
3681,"Your prediction"
3682,"Your prediction"
3683,"Your prediction"
3684,"Your prediction"
3685,"Your prediction"
3686,"Your prediction"
3687,"Your prediction"
3688,"Your prediction"
3689,"Your prediction"
3690,"Your prediction"
3691,"Your prediction"
3692,"Your prediction"
3693,"Your prediction"
3694,"Your prediction"
3695,"Your prediction"
3696,"Your prediction"
3697,"Your prediction"
3698,"Your prediction"
3699,"Your prediction"
3700,"Your prediction"
3701,"Your prediction"
3702,"Your prediction"
3703,"Your prediction"
3704,"Your prediction"
3705,"Your prediction"
3706,"Your prediction"
3707,"Your prediction"
3708,"Your prediction"
3709,"Your prediction"
3710,"Your prediction"
3711,"Your prediction"
3712,"Your prediction"
3713,"Your prediction"
3714,"Your prediction"
3715,"Your prediction"
3716,"Your prediction"
3717,"Your prediction"
3718,"Your prediction"
3719,"Your prediction"
3720,"Your prediction"
3721,"Your prediction"
3722,"Your prediction"
3723,"Your prediction"
3724,"Your prediction"
3725,"Your prediction"
3726,"Your prediction"
3727,"Your prediction"
3728,"Your prediction"
3729,"Your prediction"
3730,"Your prediction"
3731,"Your prediction"
3732,"Your prediction"
3733,"Your prediction"
3734,"Your prediction"
3735,"Your prediction"
3736,"Your prediction"
3737,"Your prediction"
3738,"Your prediction"
3739,"Your prediction"
3740,"Your prediction"
3741,"Your prediction"
3742,"Your prediction"
3743,"Your prediction"
3744,"Your prediction"
3745,"Your prediction"
3746,"Your prediction"
3747,"Your prediction"
3748,"Your prediction"
3749,"Your prediction"
3750,"Your prediction"
3751,"Your prediction"
3752,"Your prediction"
3753,"Your prediction"
3754,"Your prediction"
3755,"Your prediction"
3756,"Your prediction"
3757,"Your prediction"
3758,"Your prediction"
3759,"Your prediction"
3760,"Your prediction"
3761,"Your prediction"
3762,"Your prediction"
3763,"Your prediction"
3764,"Your prediction"
3765,"Your prediction"
3766,"Your prediction"
3767,"Your prediction"
3768,"Your prediction"
3769,"Your prediction"
3770,"Your prediction"
3771,"Your prediction"
3772,"Your prediction"
3773,"Your prediction"
3774,"Your prediction"
3775,"Your prediction"
3776,"Your prediction"
3777,"Your prediction"
3778,"Your prediction"
3779,"Your prediction"
3780,"Your prediction"
3781,"Your prediction"
3782,"Your prediction"
3783,"Your prediction"
3784,"Your prediction"
3785,"Your prediction"
3786,"Your prediction"
3787,"Your prediction"
3788,"Your prediction"
3789,"Your prediction"
3790,"Your prediction"
3791,"Your prediction"
3792,"Your prediction"
3793,"Your prediction"
3794,"Your prediction"
3795,"Your prediction"
3796,"Your prediction"
3797,"Your prediction"
3798,"Your prediction"
3799,"Your prediction"
3800,"Your prediction"
3801,"Your prediction"
3802,"Your prediction"
3803,"Your prediction"
3804,"Your prediction"
3805,"Your prediction"
3806,"Your prediction"
3807,"Your prediction"
3808,"Your prediction"
3809,"Your prediction"
3810,"Your prediction"
3811,"Your prediction"
3812,"Your prediction"
3813,"Your prediction"
3814,"Your prediction"
3815,"Your prediction"
3816,"Your prediction"
3817,"Your prediction"
3818,"Your prediction"
3819,"Your prediction"
3820,"Your prediction"
3821,"Your prediction"
3822,"Your prediction"
3823,"Your prediction"
3824,"Your prediction"
3825,"Your prediction"
3826,"Your prediction"
3827,"Your prediction"
3828,"Your prediction"
3829,"Your prediction"
3830,"Your prediction"
3831,"Your prediction"
3832,"Your prediction"
3833,"Your prediction"
3834,"Your prediction"
3835,"Your prediction"
3836,"Your prediction"
3837,"Your prediction"
3838,"Your prediction"
3839,"Your prediction"
3840,"Your prediction"
3841,"Your prediction"
3842,"Your prediction"
3843,"Your prediction"
3844,"Your prediction"
3845,"Your prediction"
3846,"Your prediction"
3847,"Your prediction"
3848,"Your prediction"
3849,"Your prediction"
3850,"Your prediction"
3851,"Your prediction"
3852,"Your prediction"
3853,"Your prediction"
3854,"Your prediction"
3855,"Your prediction"
3856,"Your prediction"
3857,"Your prediction"
3858,"Your prediction"
3859,"Your prediction"
3860,"Your prediction"
3861,"Your prediction"
3862,"Your prediction"
3863,"Your prediction"
3864,"Your prediction"
3865,"Your prediction"
3866,"Your prediction"
3867,"Your prediction"
3868,"Your prediction"
3869,"Your prediction"
3870,"Your prediction"
3871,"Your prediction"
3872,"Your prediction"
3873,"Your prediction"
3874,"Your prediction"
3875,"Your prediction"
3876,"Your prediction"
3877,"Your prediction"
3878,"Your prediction"
3879,"Your prediction"
3880,"Your prediction"
3881,"Your prediction"
3882,"Your prediction"
3883,"Your prediction"
3884,"Your prediction"
3885,"Your prediction"
3886,"Your prediction"
3887,"Your prediction"
3888,"Your prediction"
3889,"Your prediction"
3890,"Your prediction"
3891,"Your prediction"
3892,"Your prediction"
3893,"Your prediction"
3894,"Your prediction"
3895,"Your prediction"
3896,"Your prediction"
3897,"Your prediction"
3898,"Your prediction"
3899,"Your prediction"
3900,"Your prediction"
3901,"Your prediction"
3902,"Your prediction"
3903,"Your prediction"
3904,"Your prediction"
3905,"Your prediction"
3906,"Your prediction"
3907,"Your prediction"
3908,"Your prediction"
3909,"Your prediction"
3910,"Your prediction"
3911,"Your prediction"
3912,"Your prediction"
3913,"Your prediction"
3914,"Your prediction"
3915,"Your prediction"
3916,"Your prediction"
3917,"Your prediction"
3918,"Your prediction"
3919,"Your prediction"
3920,"Your prediction"
3921,"Your prediction"
3922,"Your prediction"
3923,"Your prediction"
3924,"Your prediction"
3925,"Your prediction"
3926,"Your prediction"
3927,"Your prediction"
3928,"Your prediction"
3929,"Your prediction"
3930,"Your prediction"
3931,"Your prediction"
3932,"Your prediction"
3933,"Your prediction"
3934,"Your prediction"
3935,"Your prediction"
3936,"Your prediction"
3937,"Your prediction"
3938,"Your prediction"
3939,"Your prediction"
3940,"Your prediction"
3941,"Your prediction"
3942,"Your prediction"
3943,"Your prediction"
3944,"Your prediction"
3945,"Your prediction"
3946,"Your prediction"
3947,"Your prediction"
3948,"Your prediction"
3949,"Your prediction"
3950,"Your prediction"
3951,"Your prediction"
3952,"Your prediction"
3953,"Your prediction"
3954,"Your prediction"
3955,"Your prediction"
3956,"Your prediction"
3957,"Your prediction"
3958,"Your prediction"
3959,"Your prediction"
3960,"Your prediction"
3961,"Your prediction"
3962,"Your prediction"
3963,"Your prediction"
3964,"Your prediction"
3965,"Your prediction"
3966,"Your prediction"
3967,"Your prediction"
3968,"Your prediction"
3969,"Your prediction"
3970,"Your prediction"
3971,"Your prediction"
3972,"Your prediction"
3973,"Your prediction"
3974,"Your prediction"
3975,"Your prediction"
3976,"Your prediction"
3977,"Your prediction"
3978,"Your prediction"
3979,"Your prediction"
3980,"Your prediction"
3981,"Your prediction"
3982,"Your prediction"
3983,"Your prediction"
3984,"Your prediction"
3985,"Your prediction"
3986,"Your prediction"
3987,"Your prediction"
3988,"Your prediction"
3989,"Your prediction"
3990,"Your prediction"
3991,"Your prediction"
3992,"Your prediction"
3993,"Your prediction"
3994,"Your prediction"
3995,"Your prediction"
3996,"Your prediction"
3997,"Your prediction"
3998,"Your prediction"
3999,"Your prediction"
4000,"Your prediction"
