"ID","Grade"
1,"Your prediction here"
2,"Your prediction here"
3,"Your prediction here"
4,"Your prediction here"
5,"Your prediction here"
6,"Your prediction here"
7,"Your prediction here"
8,"Your prediction here"
9,"Your prediction here"
10,"Your prediction here"
11,"Your prediction here"
12,"Your prediction here"
13,"Your prediction here"
14,"Your prediction here"
15,"Your prediction here"
16,"Your prediction here"
17,"Your prediction here"
18,"Your prediction here"
19,"Your prediction here"
20,"Your prediction here"
21,"Your prediction here"
22,"Your prediction here"
23,"Your prediction here"
24,"Your prediction here"
25,"Your prediction here"
26,"Your prediction here"
27,"Your prediction here"
28,"Your prediction here"
29,"Your prediction here"
30,"Your prediction here"
31,"Your prediction here"
32,"Your prediction here"
33,"Your prediction here"
34,"Your prediction here"
35,"Your prediction here"
36,"Your prediction here"
37,"Your prediction here"
38,"Your prediction here"
39,"Your prediction here"
40,"Your prediction here"
41,"Your prediction here"
42,"Your prediction here"
43,"Your prediction here"
44,"Your prediction here"
45,"Your prediction here"
46,"Your prediction here"
47,"Your prediction here"
48,"Your prediction here"
49,"Your prediction here"
50,"Your prediction here"
51,"Your prediction here"
52,"Your prediction here"
53,"Your prediction here"
54,"Your prediction here"
55,"Your prediction here"
56,"Your prediction here"
57,"Your prediction here"
58,"Your prediction here"
59,"Your prediction here"
60,"Your prediction here"
61,"Your prediction here"
62,"Your prediction here"
63,"Your prediction here"
64,"Your prediction here"
65,"Your prediction here"
66,"Your prediction here"
67,"Your prediction here"
68,"Your prediction here"
69,"Your prediction here"
70,"Your prediction here"
71,"Your prediction here"
72,"Your prediction here"
73,"Your prediction here"
74,"Your prediction here"
75,"Your prediction here"
76,"Your prediction here"
77,"Your prediction here"
78,"Your prediction here"
79,"Your prediction here"
80,"Your prediction here"
81,"Your prediction here"
82,"Your prediction here"
83,"Your prediction here"
84,"Your prediction here"
85,"Your prediction here"
86,"Your prediction here"
87,"Your prediction here"
88,"Your prediction here"
89,"Your prediction here"
90,"Your prediction here"
91,"Your prediction here"
92,"Your prediction here"
93,"Your prediction here"
94,"Your prediction here"
95,"Your prediction here"
96,"Your prediction here"
97,"Your prediction here"
98,"Your prediction here"
99,"Your prediction here"
100,"Your prediction here"
101,"Your prediction here"
102,"Your prediction here"
103,"Your prediction here"
104,"Your prediction here"
105,"Your prediction here"
106,"Your prediction here"
107,"Your prediction here"
108,"Your prediction here"
109,"Your prediction here"
110,"Your prediction here"
111,"Your prediction here"
112,"Your prediction here"
113,"Your prediction here"
114,"Your prediction here"
115,"Your prediction here"
116,"Your prediction here"
117,"Your prediction here"
118,"Your prediction here"
119,"Your prediction here"
120,"Your prediction here"
121,"Your prediction here"
122,"Your prediction here"
123,"Your prediction here"
124,"Your prediction here"
125,"Your prediction here"
126,"Your prediction here"
127,"Your prediction here"
128,"Your prediction here"
129,"Your prediction here"
130,"Your prediction here"
131,"Your prediction here"
132,"Your prediction here"
133,"Your prediction here"
134,"Your prediction here"
135,"Your prediction here"
136,"Your prediction here"
137,"Your prediction here"
138,"Your prediction here"
139,"Your prediction here"
140,"Your prediction here"
141,"Your prediction here"
142,"Your prediction here"
143,"Your prediction here"
144,"Your prediction here"
145,"Your prediction here"
146,"Your prediction here"
147,"Your prediction here"
148,"Your prediction here"
149,"Your prediction here"
150,"Your prediction here"
151,"Your prediction here"
152,"Your prediction here"
153,"Your prediction here"
154,"Your prediction here"
155,"Your prediction here"
156,"Your prediction here"
157,"Your prediction here"
158,"Your prediction here"
159,"Your prediction here"
160,"Your prediction here"
161,"Your prediction here"
162,"Your prediction here"
163,"Your prediction here"
164,"Your prediction here"
165,"Your prediction here"
166,"Your prediction here"
167,"Your prediction here"
168,"Your prediction here"
169,"Your prediction here"
170,"Your prediction here"
171,"Your prediction here"
172,"Your prediction here"
173,"Your prediction here"
174,"Your prediction here"
175,"Your prediction here"
176,"Your prediction here"
177,"Your prediction here"
178,"Your prediction here"
179,"Your prediction here"
180,"Your prediction here"
181,"Your prediction here"
182,"Your prediction here"
183,"Your prediction here"
184,"Your prediction here"
185,"Your prediction here"
186,"Your prediction here"
187,"Your prediction here"
188,"Your prediction here"
189,"Your prediction here"
190,"Your prediction here"
191,"Your prediction here"
192,"Your prediction here"
193,"Your prediction here"
194,"Your prediction here"
195,"Your prediction here"
196,"Your prediction here"
197,"Your prediction here"
198,"Your prediction here"
199,"Your prediction here"
200,"Your prediction here"
201,"Your prediction here"
202,"Your prediction here"
203,"Your prediction here"
204,"Your prediction here"
205,"Your prediction here"
206,"Your prediction here"
207,"Your prediction here"
208,"Your prediction here"
209,"Your prediction here"
210,"Your prediction here"
211,"Your prediction here"
212,"Your prediction here"
213,"Your prediction here"
214,"Your prediction here"
215,"Your prediction here"
216,"Your prediction here"
217,"Your prediction here"
218,"Your prediction here"
219,"Your prediction here"
220,"Your prediction here"
221,"Your prediction here"
222,"Your prediction here"
223,"Your prediction here"
224,"Your prediction here"
225,"Your prediction here"
226,"Your prediction here"
227,"Your prediction here"
228,"Your prediction here"
229,"Your prediction here"
230,"Your prediction here"
231,"Your prediction here"
232,"Your prediction here"
233,"Your prediction here"
234,"Your prediction here"
235,"Your prediction here"
236,"Your prediction here"
237,"Your prediction here"
238,"Your prediction here"
239,"Your prediction here"
240,"Your prediction here"
241,"Your prediction here"
242,"Your prediction here"
243,"Your prediction here"
244,"Your prediction here"
245,"Your prediction here"
246,"Your prediction here"
247,"Your prediction here"
248,"Your prediction here"
249,"Your prediction here"
250,"Your prediction here"
251,"Your prediction here"
252,"Your prediction here"
253,"Your prediction here"
254,"Your prediction here"
255,"Your prediction here"
256,"Your prediction here"
257,"Your prediction here"
258,"Your prediction here"
259,"Your prediction here"
260,"Your prediction here"
261,"Your prediction here"
262,"Your prediction here"
263,"Your prediction here"
264,"Your prediction here"
265,"Your prediction here"
266,"Your prediction here"
267,"Your prediction here"
268,"Your prediction here"
269,"Your prediction here"
270,"Your prediction here"
271,"Your prediction here"
272,"Your prediction here"
273,"Your prediction here"
274,"Your prediction here"
275,"Your prediction here"
276,"Your prediction here"
277,"Your prediction here"
278,"Your prediction here"
279,"Your prediction here"
280,"Your prediction here"
281,"Your prediction here"
282,"Your prediction here"
283,"Your prediction here"
284,"Your prediction here"
285,"Your prediction here"
286,"Your prediction here"
287,"Your prediction here"
288,"Your prediction here"
289,"Your prediction here"
290,"Your prediction here"
291,"Your prediction here"
292,"Your prediction here"
293,"Your prediction here"
294,"Your prediction here"
295,"Your prediction here"
296,"Your prediction here"
297,"Your prediction here"
298,"Your prediction here"
299,"Your prediction here"
300,"Your prediction here"
301,"Your prediction here"
302,"Your prediction here"
303,"Your prediction here"
304,"Your prediction here"
305,"Your prediction here"
306,"Your prediction here"
307,"Your prediction here"
308,"Your prediction here"
309,"Your prediction here"
310,"Your prediction here"
311,"Your prediction here"
312,"Your prediction here"
313,"Your prediction here"
314,"Your prediction here"
315,"Your prediction here"
316,"Your prediction here"
317,"Your prediction here"
318,"Your prediction here"
319,"Your prediction here"
320,"Your prediction here"
321,"Your prediction here"
322,"Your prediction here"
323,"Your prediction here"
324,"Your prediction here"
325,"Your prediction here"
326,"Your prediction here"
327,"Your prediction here"
328,"Your prediction here"
329,"Your prediction here"
330,"Your prediction here"
331,"Your prediction here"
332,"Your prediction here"
333,"Your prediction here"
334,"Your prediction here"
335,"Your prediction here"
336,"Your prediction here"
337,"Your prediction here"
338,"Your prediction here"
339,"Your prediction here"
340,"Your prediction here"
341,"Your prediction here"
342,"Your prediction here"
343,"Your prediction here"
344,"Your prediction here"
345,"Your prediction here"
346,"Your prediction here"
347,"Your prediction here"
348,"Your prediction here"
349,"Your prediction here"
350,"Your prediction here"
351,"Your prediction here"
352,"Your prediction here"
353,"Your prediction here"
354,"Your prediction here"
355,"Your prediction here"
356,"Your prediction here"
357,"Your prediction here"
358,"Your prediction here"
359,"Your prediction here"
360,"Your prediction here"
361,"Your prediction here"
362,"Your prediction here"
363,"Your prediction here"
364,"Your prediction here"
365,"Your prediction here"
366,"Your prediction here"
367,"Your prediction here"
368,"Your prediction here"
369,"Your prediction here"
370,"Your prediction here"
371,"Your prediction here"
372,"Your prediction here"
373,"Your prediction here"
374,"Your prediction here"
375,"Your prediction here"
376,"Your prediction here"
377,"Your prediction here"
378,"Your prediction here"
379,"Your prediction here"
380,"Your prediction here"
381,"Your prediction here"
382,"Your prediction here"
383,"Your prediction here"
384,"Your prediction here"
385,"Your prediction here"
386,"Your prediction here"
387,"Your prediction here"
388,"Your prediction here"
389,"Your prediction here"
390,"Your prediction here"
391,"Your prediction here"
392,"Your prediction here"
393,"Your prediction here"
394,"Your prediction here"
395,"Your prediction here"
396,"Your prediction here"
397,"Your prediction here"
398,"Your prediction here"
399,"Your prediction here"
400,"Your prediction here"
401,"Your prediction here"
402,"Your prediction here"
403,"Your prediction here"
404,"Your prediction here"
405,"Your prediction here"
406,"Your prediction here"
407,"Your prediction here"
408,"Your prediction here"
409,"Your prediction here"
410,"Your prediction here"
411,"Your prediction here"
412,"Your prediction here"
413,"Your prediction here"
414,"Your prediction here"
415,"Your prediction here"
416,"Your prediction here"
417,"Your prediction here"
418,"Your prediction here"
419,"Your prediction here"
420,"Your prediction here"
421,"Your prediction here"
422,"Your prediction here"
423,"Your prediction here"
424,"Your prediction here"
425,"Your prediction here"
426,"Your prediction here"
427,"Your prediction here"
428,"Your prediction here"
429,"Your prediction here"
430,"Your prediction here"
431,"Your prediction here"
432,"Your prediction here"
433,"Your prediction here"
434,"Your prediction here"
435,"Your prediction here"
436,"Your prediction here"
437,"Your prediction here"
438,"Your prediction here"
439,"Your prediction here"
440,"Your prediction here"
441,"Your prediction here"
442,"Your prediction here"
443,"Your prediction here"
444,"Your prediction here"
445,"Your prediction here"
446,"Your prediction here"
447,"Your prediction here"
448,"Your prediction here"
449,"Your prediction here"
450,"Your prediction here"
451,"Your prediction here"
452,"Your prediction here"
453,"Your prediction here"
454,"Your prediction here"
455,"Your prediction here"
456,"Your prediction here"
457,"Your prediction here"
458,"Your prediction here"
459,"Your prediction here"
460,"Your prediction here"
461,"Your prediction here"
462,"Your prediction here"
463,"Your prediction here"
464,"Your prediction here"
465,"Your prediction here"
466,"Your prediction here"
467,"Your prediction here"
468,"Your prediction here"
469,"Your prediction here"
470,"Your prediction here"
471,"Your prediction here"
472,"Your prediction here"
473,"Your prediction here"
474,"Your prediction here"
475,"Your prediction here"
476,"Your prediction here"
477,"Your prediction here"
478,"Your prediction here"
479,"Your prediction here"
480,"Your prediction here"
481,"Your prediction here"
482,"Your prediction here"
483,"Your prediction here"
484,"Your prediction here"
485,"Your prediction here"
486,"Your prediction here"
487,"Your prediction here"
488,"Your prediction here"
489,"Your prediction here"
490,"Your prediction here"
491,"Your prediction here"
492,"Your prediction here"
493,"Your prediction here"
494,"Your prediction here"
495,"Your prediction here"
496,"Your prediction here"
497,"Your prediction here"
498,"Your prediction here"
499,"Your prediction here"
500,"Your prediction here"
501,"Your prediction here"
502,"Your prediction here"
503,"Your prediction here"
504,"Your prediction here"
505,"Your prediction here"
506,"Your prediction here"
507,"Your prediction here"
508,"Your prediction here"
509,"Your prediction here"
510,"Your prediction here"
511,"Your prediction here"
512,"Your prediction here"
513,"Your prediction here"
514,"Your prediction here"
515,"Your prediction here"
516,"Your prediction here"
517,"Your prediction here"
518,"Your prediction here"
519,"Your prediction here"
520,"Your prediction here"
521,"Your prediction here"
522,"Your prediction here"
523,"Your prediction here"
524,"Your prediction here"
525,"Your prediction here"
526,"Your prediction here"
527,"Your prediction here"
528,"Your prediction here"
529,"Your prediction here"
530,"Your prediction here"
531,"Your prediction here"
532,"Your prediction here"
533,"Your prediction here"
534,"Your prediction here"
535,"Your prediction here"
536,"Your prediction here"
537,"Your prediction here"
538,"Your prediction here"
539,"Your prediction here"
540,"Your prediction here"
541,"Your prediction here"
542,"Your prediction here"
543,"Your prediction here"
544,"Your prediction here"
545,"Your prediction here"
546,"Your prediction here"
547,"Your prediction here"
548,"Your prediction here"
549,"Your prediction here"
550,"Your prediction here"
551,"Your prediction here"
552,"Your prediction here"
553,"Your prediction here"
554,"Your prediction here"
555,"Your prediction here"
556,"Your prediction here"
557,"Your prediction here"
558,"Your prediction here"
559,"Your prediction here"
560,"Your prediction here"
561,"Your prediction here"
562,"Your prediction here"
563,"Your prediction here"
564,"Your prediction here"
565,"Your prediction here"
566,"Your prediction here"
567,"Your prediction here"
568,"Your prediction here"
569,"Your prediction here"
570,"Your prediction here"
571,"Your prediction here"
572,"Your prediction here"
573,"Your prediction here"
574,"Your prediction here"
575,"Your prediction here"
576,"Your prediction here"
577,"Your prediction here"
578,"Your prediction here"
579,"Your prediction here"
580,"Your prediction here"
581,"Your prediction here"
582,"Your prediction here"
583,"Your prediction here"
584,"Your prediction here"
585,"Your prediction here"
586,"Your prediction here"
587,"Your prediction here"
588,"Your prediction here"
589,"Your prediction here"
590,"Your prediction here"
591,"Your prediction here"
592,"Your prediction here"
593,"Your prediction here"
594,"Your prediction here"
595,"Your prediction here"
596,"Your prediction here"
597,"Your prediction here"
598,"Your prediction here"
599,"Your prediction here"
600,"Your prediction here"
601,"Your prediction here"
602,"Your prediction here"
603,"Your prediction here"
604,"Your prediction here"
605,"Your prediction here"
606,"Your prediction here"
607,"Your prediction here"
608,"Your prediction here"
609,"Your prediction here"
610,"Your prediction here"
611,"Your prediction here"
612,"Your prediction here"
613,"Your prediction here"
614,"Your prediction here"
615,"Your prediction here"
616,"Your prediction here"
617,"Your prediction here"
618,"Your prediction here"
619,"Your prediction here"
620,"Your prediction here"
621,"Your prediction here"
622,"Your prediction here"
623,"Your prediction here"
624,"Your prediction here"
625,"Your prediction here"
626,"Your prediction here"
627,"Your prediction here"
628,"Your prediction here"
629,"Your prediction here"
630,"Your prediction here"
631,"Your prediction here"
632,"Your prediction here"
633,"Your prediction here"
634,"Your prediction here"
635,"Your prediction here"
636,"Your prediction here"
637,"Your prediction here"
638,"Your prediction here"
639,"Your prediction here"
640,"Your prediction here"
641,"Your prediction here"
642,"Your prediction here"
643,"Your prediction here"
644,"Your prediction here"
645,"Your prediction here"
646,"Your prediction here"
647,"Your prediction here"
648,"Your prediction here"
649,"Your prediction here"
650,"Your prediction here"
651,"Your prediction here"
652,"Your prediction here"
653,"Your prediction here"
654,"Your prediction here"
655,"Your prediction here"
656,"Your prediction here"
657,"Your prediction here"
658,"Your prediction here"
659,"Your prediction here"
660,"Your prediction here"
661,"Your prediction here"
662,"Your prediction here"
663,"Your prediction here"
664,"Your prediction here"
665,"Your prediction here"
666,"Your prediction here"
667,"Your prediction here"
668,"Your prediction here"
669,"Your prediction here"
670,"Your prediction here"
671,"Your prediction here"
672,"Your prediction here"
673,"Your prediction here"
674,"Your prediction here"
675,"Your prediction here"
676,"Your prediction here"
677,"Your prediction here"
678,"Your prediction here"
679,"Your prediction here"
680,"Your prediction here"
681,"Your prediction here"
682,"Your prediction here"
683,"Your prediction here"
684,"Your prediction here"
685,"Your prediction here"
686,"Your prediction here"
687,"Your prediction here"
688,"Your prediction here"
689,"Your prediction here"
690,"Your prediction here"
691,"Your prediction here"
692,"Your prediction here"
693,"Your prediction here"
694,"Your prediction here"
695,"Your prediction here"
696,"Your prediction here"
697,"Your prediction here"
698,"Your prediction here"
699,"Your prediction here"
700,"Your prediction here"
701,"Your prediction here"
702,"Your prediction here"
703,"Your prediction here"
704,"Your prediction here"
705,"Your prediction here"
706,"Your prediction here"
707,"Your prediction here"
708,"Your prediction here"
709,"Your prediction here"
710,"Your prediction here"
711,"Your prediction here"
712,"Your prediction here"
713,"Your prediction here"
714,"Your prediction here"
715,"Your prediction here"
716,"Your prediction here"
717,"Your prediction here"
718,"Your prediction here"
719,"Your prediction here"
720,"Your prediction here"
721,"Your prediction here"
722,"Your prediction here"
723,"Your prediction here"
724,"Your prediction here"
725,"Your prediction here"
726,"Your prediction here"
727,"Your prediction here"
728,"Your prediction here"
729,"Your prediction here"
730,"Your prediction here"
731,"Your prediction here"
732,"Your prediction here"
733,"Your prediction here"
734,"Your prediction here"
735,"Your prediction here"
736,"Your prediction here"
737,"Your prediction here"
738,"Your prediction here"
739,"Your prediction here"
740,"Your prediction here"
741,"Your prediction here"
742,"Your prediction here"
743,"Your prediction here"
744,"Your prediction here"
745,"Your prediction here"
746,"Your prediction here"
747,"Your prediction here"
748,"Your prediction here"
749,"Your prediction here"
750,"Your prediction here"
751,"Your prediction here"
752,"Your prediction here"
753,"Your prediction here"
754,"Your prediction here"
755,"Your prediction here"
756,"Your prediction here"
757,"Your prediction here"
758,"Your prediction here"
759,"Your prediction here"
760,"Your prediction here"
761,"Your prediction here"
762,"Your prediction here"
763,"Your prediction here"
764,"Your prediction here"
765,"Your prediction here"
766,"Your prediction here"
767,"Your prediction here"
768,"Your prediction here"
769,"Your prediction here"
770,"Your prediction here"
771,"Your prediction here"
772,"Your prediction here"
773,"Your prediction here"
774,"Your prediction here"
775,"Your prediction here"
776,"Your prediction here"
777,"Your prediction here"
778,"Your prediction here"
779,"Your prediction here"
780,"Your prediction here"
781,"Your prediction here"
782,"Your prediction here"
783,"Your prediction here"
784,"Your prediction here"
785,"Your prediction here"
786,"Your prediction here"
787,"Your prediction here"
788,"Your prediction here"
789,"Your prediction here"
790,"Your prediction here"
791,"Your prediction here"
792,"Your prediction here"
793,"Your prediction here"
794,"Your prediction here"
795,"Your prediction here"
796,"Your prediction here"
797,"Your prediction here"
798,"Your prediction here"
799,"Your prediction here"
800,"Your prediction here"
801,"Your prediction here"
802,"Your prediction here"
803,"Your prediction here"
804,"Your prediction here"
805,"Your prediction here"
806,"Your prediction here"
807,"Your prediction here"
808,"Your prediction here"
809,"Your prediction here"
810,"Your prediction here"
811,"Your prediction here"
812,"Your prediction here"
813,"Your prediction here"
814,"Your prediction here"
815,"Your prediction here"
816,"Your prediction here"
817,"Your prediction here"
818,"Your prediction here"
819,"Your prediction here"
820,"Your prediction here"
821,"Your prediction here"
822,"Your prediction here"
823,"Your prediction here"
824,"Your prediction here"
825,"Your prediction here"
826,"Your prediction here"
827,"Your prediction here"
828,"Your prediction here"
829,"Your prediction here"
830,"Your prediction here"
831,"Your prediction here"
832,"Your prediction here"
833,"Your prediction here"
834,"Your prediction here"
835,"Your prediction here"
836,"Your prediction here"
837,"Your prediction here"
838,"Your prediction here"
839,"Your prediction here"
840,"Your prediction here"
841,"Your prediction here"
842,"Your prediction here"
843,"Your prediction here"
844,"Your prediction here"
845,"Your prediction here"
846,"Your prediction here"
847,"Your prediction here"
848,"Your prediction here"
849,"Your prediction here"
850,"Your prediction here"
851,"Your prediction here"
852,"Your prediction here"
853,"Your prediction here"
854,"Your prediction here"
855,"Your prediction here"
856,"Your prediction here"
857,"Your prediction here"
858,"Your prediction here"
859,"Your prediction here"
860,"Your prediction here"
861,"Your prediction here"
862,"Your prediction here"
863,"Your prediction here"
864,"Your prediction here"
865,"Your prediction here"
866,"Your prediction here"
867,"Your prediction here"
868,"Your prediction here"
869,"Your prediction here"
870,"Your prediction here"
871,"Your prediction here"
872,"Your prediction here"
873,"Your prediction here"
874,"Your prediction here"
875,"Your prediction here"
876,"Your prediction here"
877,"Your prediction here"
878,"Your prediction here"
879,"Your prediction here"
880,"Your prediction here"
881,"Your prediction here"
882,"Your prediction here"
883,"Your prediction here"
884,"Your prediction here"
885,"Your prediction here"
886,"Your prediction here"
887,"Your prediction here"
888,"Your prediction here"
889,"Your prediction here"
890,"Your prediction here"
891,"Your prediction here"
892,"Your prediction here"
893,"Your prediction here"
894,"Your prediction here"
895,"Your prediction here"
896,"Your prediction here"
897,"Your prediction here"
898,"Your prediction here"
899,"Your prediction here"
900,"Your prediction here"
901,"Your prediction here"
902,"Your prediction here"
903,"Your prediction here"
904,"Your prediction here"
905,"Your prediction here"
906,"Your prediction here"
907,"Your prediction here"
908,"Your prediction here"
909,"Your prediction here"
910,"Your prediction here"
911,"Your prediction here"
912,"Your prediction here"
913,"Your prediction here"
914,"Your prediction here"
915,"Your prediction here"
916,"Your prediction here"
917,"Your prediction here"
918,"Your prediction here"
919,"Your prediction here"
920,"Your prediction here"
921,"Your prediction here"
922,"Your prediction here"
923,"Your prediction here"
924,"Your prediction here"
925,"Your prediction here"
926,"Your prediction here"
927,"Your prediction here"
928,"Your prediction here"
929,"Your prediction here"
930,"Your prediction here"
931,"Your prediction here"
932,"Your prediction here"
933,"Your prediction here"
934,"Your prediction here"
935,"Your prediction here"
936,"Your prediction here"
937,"Your prediction here"
938,"Your prediction here"
939,"Your prediction here"
940,"Your prediction here"
941,"Your prediction here"
942,"Your prediction here"
943,"Your prediction here"
944,"Your prediction here"
945,"Your prediction here"
946,"Your prediction here"
947,"Your prediction here"
948,"Your prediction here"
949,"Your prediction here"
950,"Your prediction here"
951,"Your prediction here"
952,"Your prediction here"
953,"Your prediction here"
954,"Your prediction here"
955,"Your prediction here"
956,"Your prediction here"
957,"Your prediction here"
958,"Your prediction here"
959,"Your prediction here"
960,"Your prediction here"
961,"Your prediction here"
962,"Your prediction here"
963,"Your prediction here"
964,"Your prediction here"
965,"Your prediction here"
966,"Your prediction here"
967,"Your prediction here"
968,"Your prediction here"
969,"Your prediction here"
970,"Your prediction here"
971,"Your prediction here"
972,"Your prediction here"
973,"Your prediction here"
974,"Your prediction here"
975,"Your prediction here"
976,"Your prediction here"
977,"Your prediction here"
978,"Your prediction here"
979,"Your prediction here"
980,"Your prediction here"
981,"Your prediction here"
982,"Your prediction here"
983,"Your prediction here"
984,"Your prediction here"
985,"Your prediction here"
986,"Your prediction here"
987,"Your prediction here"
988,"Your prediction here"
989,"Your prediction here"
990,"Your prediction here"
991,"Your prediction here"
992,"Your prediction here"
993,"Your prediction here"
994,"Your prediction here"
995,"Your prediction here"
996,"Your prediction here"
997,"Your prediction here"
998,"Your prediction here"
999,"Your prediction here"
1000,"Your prediction here"
1001,"Your prediction here"
1002,"Your prediction here"
1003,"Your prediction here"
1004,"Your prediction here"
1005,"Your prediction here"
1006,"Your prediction here"
1007,"Your prediction here"
1008,"Your prediction here"
1009,"Your prediction here"
1010,"Your prediction here"
1011,"Your prediction here"
1012,"Your prediction here"
1013,"Your prediction here"
1014,"Your prediction here"
1015,"Your prediction here"
1016,"Your prediction here"
1017,"Your prediction here"
1018,"Your prediction here"
1019,"Your prediction here"
1020,"Your prediction here"
1021,"Your prediction here"
1022,"Your prediction here"
1023,"Your prediction here"
1024,"Your prediction here"
1025,"Your prediction here"
1026,"Your prediction here"
1027,"Your prediction here"
1028,"Your prediction here"
1029,"Your prediction here"
1030,"Your prediction here"
1031,"Your prediction here"
1032,"Your prediction here"
1033,"Your prediction here"
1034,"Your prediction here"
1035,"Your prediction here"
1036,"Your prediction here"
1037,"Your prediction here"
1038,"Your prediction here"
1039,"Your prediction here"
1040,"Your prediction here"
1041,"Your prediction here"
1042,"Your prediction here"
1043,"Your prediction here"
1044,"Your prediction here"
1045,"Your prediction here"
1046,"Your prediction here"
1047,"Your prediction here"
1048,"Your prediction here"
1049,"Your prediction here"
1050,"Your prediction here"
1051,"Your prediction here"
1052,"Your prediction here"
1053,"Your prediction here"
1054,"Your prediction here"
1055,"Your prediction here"
1056,"Your prediction here"
1057,"Your prediction here"
1058,"Your prediction here"
1059,"Your prediction here"
1060,"Your prediction here"
1061,"Your prediction here"
1062,"Your prediction here"
1063,"Your prediction here"
1064,"Your prediction here"
1065,"Your prediction here"
1066,"Your prediction here"
1067,"Your prediction here"
1068,"Your prediction here"
1069,"Your prediction here"
1070,"Your prediction here"
1071,"Your prediction here"
1072,"Your prediction here"
1073,"Your prediction here"
1074,"Your prediction here"
1075,"Your prediction here"
1076,"Your prediction here"
1077,"Your prediction here"
1078,"Your prediction here"
1079,"Your prediction here"
1080,"Your prediction here"
1081,"Your prediction here"
1082,"Your prediction here"
1083,"Your prediction here"
1084,"Your prediction here"
1085,"Your prediction here"
1086,"Your prediction here"
1087,"Your prediction here"
1088,"Your prediction here"
1089,"Your prediction here"
1090,"Your prediction here"
1091,"Your prediction here"
1092,"Your prediction here"
1093,"Your prediction here"
1094,"Your prediction here"
1095,"Your prediction here"
1096,"Your prediction here"
1097,"Your prediction here"
1098,"Your prediction here"
1099,"Your prediction here"
1100,"Your prediction here"
1101,"Your prediction here"
1102,"Your prediction here"
1103,"Your prediction here"
1104,"Your prediction here"
1105,"Your prediction here"
1106,"Your prediction here"
1107,"Your prediction here"
1108,"Your prediction here"
1109,"Your prediction here"
1110,"Your prediction here"
1111,"Your prediction here"
1112,"Your prediction here"
1113,"Your prediction here"
1114,"Your prediction here"
1115,"Your prediction here"
1116,"Your prediction here"
1117,"Your prediction here"
1118,"Your prediction here"
1119,"Your prediction here"
1120,"Your prediction here"
1121,"Your prediction here"
1122,"Your prediction here"
1123,"Your prediction here"
1124,"Your prediction here"
1125,"Your prediction here"
1126,"Your prediction here"
1127,"Your prediction here"
1128,"Your prediction here"
1129,"Your prediction here"
1130,"Your prediction here"
1131,"Your prediction here"
1132,"Your prediction here"
1133,"Your prediction here"
1134,"Your prediction here"
1135,"Your prediction here"
1136,"Your prediction here"
1137,"Your prediction here"
1138,"Your prediction here"
1139,"Your prediction here"
1140,"Your prediction here"
1141,"Your prediction here"
1142,"Your prediction here"
1143,"Your prediction here"
1144,"Your prediction here"
1145,"Your prediction here"
1146,"Your prediction here"
1147,"Your prediction here"
1148,"Your prediction here"
1149,"Your prediction here"
1150,"Your prediction here"
1151,"Your prediction here"
1152,"Your prediction here"
1153,"Your prediction here"
1154,"Your prediction here"
1155,"Your prediction here"
1156,"Your prediction here"
1157,"Your prediction here"
1158,"Your prediction here"
1159,"Your prediction here"
1160,"Your prediction here"
1161,"Your prediction here"
1162,"Your prediction here"
1163,"Your prediction here"
1164,"Your prediction here"
1165,"Your prediction here"
1166,"Your prediction here"
1167,"Your prediction here"
1168,"Your prediction here"
1169,"Your prediction here"
1170,"Your prediction here"
1171,"Your prediction here"
1172,"Your prediction here"
1173,"Your prediction here"
1174,"Your prediction here"
1175,"Your prediction here"
1176,"Your prediction here"
1177,"Your prediction here"
1178,"Your prediction here"
1179,"Your prediction here"
1180,"Your prediction here"
1181,"Your prediction here"
1182,"Your prediction here"
1183,"Your prediction here"
1184,"Your prediction here"
1185,"Your prediction here"
1186,"Your prediction here"
1187,"Your prediction here"
1188,"Your prediction here"
1189,"Your prediction here"
1190,"Your prediction here"
1191,"Your prediction here"
1192,"Your prediction here"
1193,"Your prediction here"
1194,"Your prediction here"
1195,"Your prediction here"
1196,"Your prediction here"
1197,"Your prediction here"
1198,"Your prediction here"
1199,"Your prediction here"
1200,"Your prediction here"
